experiment_type,estimator,feature_set,calibration_method,n_features,n_test,raw_brier,raw_ece,calibrated_brier,calibrated_ece,brier_delta,ece_delta,tau_answer,decision_accuracy,coverage,selective_accuracy,abstention_rate
feature_ablation,logistic_regression,all_embedding,isotonic,40,270,0.08346247079567648,0.049199731831346,0.0829565873020218,0.054397452768472354,-0.0005058834936546852,0.005197720937126352,0.4,0.8962962962962963,0.9888888888888889,0.9063670411985019,0.011111111111111072
feature_ablation,logistic_regression,controlled_v2_only,isotonic,35,270,0.0836626021508615,0.061867188023852784,0.08122732551168284,0.02525958094579283,-0.0024352766391786684,-0.036607607078059955,0.5,0.9111111111111111,0.9888888888888889,0.9138576779026217,0.011111111111111072
feature_ablation,logistic_regression,embedding_score_only,isotonic,5,270,0.07887850990310688,0.020074499795468867,0.08011446938398882,0.032654569653459316,0.0012359594808819402,0.012580069857990449,0.45,0.9074074074074074,0.9925925925925926,0.9104477611940298,0.007407407407407418
feature_ablation,logistic_regression,no_query,isotonic,28,270,0.08226100409403017,0.04733514262779796,0.08285401916463772,0.05520506860348132,0.0005930150706075499,0.00786992597568336,0.4,0.9074074074074074,1.0,0.9074074074074074,0.0
feature_ablation,logistic_regression,no_retrieval,isotonic,30,270,0.08252832990904779,0.05613941065833458,0.0875576709922896,0.056197361872374466,0.005029341083241809,5.795121403988357e-05,0.5,0.9,0.9851851851851852,0.9097744360902256,0.014814814814814836
feature_ablation,logistic_regression,no_lexical,isotonic,36,270,0.08321028165399248,0.05457859843839681,0.07897185173148293,0.027982278625915256,-0.004238429922509557,-0.026596319812481554,0.45,0.8962962962962963,0.9888888888888889,0.9063670411985019,0.011111111111111072
feature_ablation,logistic_regression,no_coverage,isotonic,36,270,0.08542508524002465,0.05154576320250779,0.08160548233959783,0.027491767471629742,-0.0038196029004268217,-0.024053995730878047,0.3,0.9074074074074074,1.0,0.9074074074074074,0.0
feature_ablation,logistic_regression,no_diversity,isotonic,35,270,0.08140962615671017,0.04733027882702947,0.08008924755204885,0.04705352062980206,-0.001320378604661318,-0.00027675819722740996,0.45,0.9074074074074074,1.0,0.9074074074074074,0.0
feature_ablation,logistic_regression,no_embedding_score,isotonic,35,270,0.0836626021508615,0.061867188023852784,0.08122732551168284,0.02525958094579283,-0.0024352766391786684,-0.036607607078059955,0.5,0.9111111111111111,0.9888888888888889,0.9138576779026217,0.011111111111111072
