selection_key,method_name,action_type,feature_set,calibration,policy,target_k,tau_answer_top5,tau_answer_after_more,n_features,valid_decision_accuracy,valid_coverage,valid_selective_accuracy,valid_insufficient_answer_rate,valid_sufficient_abstain_rate,valid_abstained_insufficient_rate,valid_answered_sufficient_rate,valid_false_answer_count,valid_over_abstain_count,valid_abstained_insufficient_count,valid_answered_count,valid_retrieval_rate,valid_mean_added_docs,test_decision_accuracy,test_coverage,test_selective_accuracy,test_insufficient_answer_rate,test_sufficient_abstain_rate,test_abstained_insufficient_rate,test_answered_sufficient_rate,test_false_answer_count,test_over_abstain_count,test_abstained_insufficient_count,test_answered_count,test_retrieval_rate,test_mean_added_docs
always_answer_top5,always_answer_top5,always_answer,none,none,always_answer,5,,,0,0.44584837545126355,1.0,0.44584837545126355,1.0,0.0,0.0,1.0,307,0,0,554,0.0,0.0,0.4694244604316547,1.0,0.4694244604316547,1.0,0.0,0.0,1.0,590,0,0,1112,0.0,0.0
always_answer_top10,always_answer_top10,always_answer,none,none,always_answer,10,,,0,0.628158844765343,1.0,0.628158844765343,1.0,0.0,0.0,1.0,206,0,0,554,1.0,5.0,0.6636690647482014,1.0,0.6636690647482014,1.0,0.0,0.0,1.0,374,0,0,1112,1.0,5.0
always_answer_top20,always_answer_top20,always_answer,none,none,always_answer,20,,,0,0.7292418772563177,1.0,0.7292418772563177,1.0,0.0,0.0,1.0,150,0,0,554,1.0,15.0,0.7715827338129496,1.0,0.7715827338129496,1.0,0.0,0.0,1.0,254,0,0,1112,1.0,15.0
top5/logistic_regression/v3_no_query/identity::balanced,top5/logistic_regression/v3_no_query/identity,answer_abstain_top5,v3_no_query,identity,balanced,5,0.4,,56,0.7888086642599278,0.37545126353790614,0.8125,0.1270358306188925,0.3157894736842105,0.8729641693811075,0.6842105263157895,39,78,268,208,0.0,0.0,0.7517985611510791,0.3830935251798561,0.7887323943661971,0.15254237288135594,0.3563218390804598,0.847457627118644,0.6436781609195402,90,186,500,426,0.0,0.0
top5/logistic_regression/v3_no_query/identity::reliable@cov85,top5/logistic_regression/v3_no_query/identity,answer_abstain_top5,v3_no_query,identity,reliable@cov85,5,0.9,,56,0.5848375451263538,0.8537906137184116,0.5179704016913319,0.742671009771987,0.008097165991902834,0.25732899022801303,0.9919028340080972,228,2,79,473,0.0,0.0,0.6061151079136691,0.8561151079136691,0.5441176470588235,0.735593220338983,0.007662835249042145,0.26440677966101694,0.9923371647509579,434,4,156,952,0.0,0.0
top5/logistic_regression/v3_no_query/identity::risk_control@suff_abstain15,top5/logistic_regression/v3_no_query/identity,answer_abstain_top5,v3_no_query,identity,risk_control@suff_abstain15,5,0.65,,56,0.7490974729241877,0.5740072202166066,0.6698113207547169,0.34201954397394135,0.13765182186234817,0.6579804560260586,0.8623481781376519,105,34,202,318,0.0,0.0,0.7526978417266187,0.5980215827338129,0.6857142857142857,0.35423728813559324,0.12643678160919541,0.6457627118644068,0.8735632183908046,209,66,381,665,0.0,0.0
top5/logistic_regression/v3_no_query/identity::high_precision@cov50,top5/logistic_regression/v3_no_query/identity,answer_abstain_top5,v3_no_query,identity,high_precision@cov50,5,0.6,,56,0.7671480144404332,0.5415162454873647,0.6966666666666667,0.2964169381107492,0.15384615384615385,0.7035830618892508,0.8461538461538461,91,38,216,300,0.0,0.0,0.7589928057553957,0.5539568345323741,0.7061688311688312,0.30677966101694915,0.16666666666666666,0.6932203389830508,0.8333333333333334,181,87,409,616,0.0,0.0
top5/logistic_regression/v3_no_query/platt::balanced,top5/logistic_regression/v3_no_query/platt,answer_abstain_top5,v3_no_query,platt,balanced,5,0.45,,56,0.7888086642599278,0.37545126353790614,0.8125,0.1270358306188925,0.3157894736842105,0.8729641693811075,0.6842105263157895,39,78,268,208,0.0,0.0,0.7526978417266187,0.3893884892086331,0.7852193995381063,0.1576271186440678,0.3486590038314176,0.8423728813559322,0.6513409961685823,93,182,497,433,0.0,0.0
top5/logistic_regression/v3_no_query/platt::reliable@cov85,top5/logistic_regression/v3_no_query/platt,answer_abstain_top5,v3_no_query,platt,reliable@cov85,5,0.9,,56,0.555956678700361,0.8862815884476535,0.5010183299389002,0.7980456026058632,0.004048582995951417,0.20195439739413681,0.9959514170040485,245,1,62,491,0.0,0.0,0.5926258992805755,0.875,0.5354573484069887,0.7661016949152543,0.0019157088122605363,0.23389830508474577,0.9980842911877394,452,1,138,973,0.0,0.0
top5/logistic_regression/v3_no_query/platt::risk_control@suff_abstain15,top5/logistic_regression/v3_no_query/platt,answer_abstain_top5,v3_no_query,platt,risk_control@suff_abstain15,5,0.7,,56,0.7563176895306859,0.5595667870036101,0.6806451612903226,0.32247557003257327,0.145748987854251,0.6775244299674267,0.854251012145749,99,36,208,310,0.0,0.0,0.7526978417266187,0.5872302158273381,0.6891271056661562,0.3440677966101695,0.13793103448275862,0.6559322033898305,0.8620689655172413,203,72,387,653,0.0,0.0
top5/logistic_regression/v3_no_query/platt::high_precision@cov50,top5/logistic_regression/v3_no_query/platt,answer_abstain_top5,v3_no_query,platt,high_precision@cov50,5,0.65,,56,0.7743682310469314,0.5306859205776173,0.7074829931972789,0.28013029315960913,0.15789473684210525,0.7198697068403909,0.8421052631578947,86,39,221,294,0.0,0.0,0.7652877697841727,0.5404676258992805,0.7171381031613977,0.288135593220339,0.1743295019157088,0.711864406779661,0.8256704980842912,170,91,420,601,0.0,0.0
top5/logistic_regression/v3_no_query/isotonic::balanced,top5/logistic_regression/v3_no_query/isotonic,answer_abstain_top5,v3_no_query,isotonic,balanced,5,0.5,,56,0.7851985559566786,0.44404332129963897,0.7601626016260162,0.19218241042345277,0.242914979757085,0.8078175895765473,0.757085020242915,59,60,248,246,0.0,0.0,0.7589928057553957,0.4460431654676259,0.7560483870967742,0.20508474576271185,0.28160919540229884,0.7949152542372881,0.7183908045977011,121,147,469,496,0.0,0.0
top5/logistic_regression/v3_no_query/isotonic::reliable@cov85,top5/logistic_regression/v3_no_query/isotonic,answer_abstain_top5,v3_no_query,isotonic,reliable@cov85,5,1.0,,56,0.44584837545126355,1.0,0.44584837545126355,1.0,0.0,0.0,1.0,307,0,0,554,0.0,0.0,0.4694244604316547,1.0,0.4694244604316547,1.0,0.0,0.0,1.0,590,0,0,1112,0.0,0.0
top5/logistic_regression/v3_no_query/isotonic::risk_control@suff_abstain15,top5/logistic_regression/v3_no_query/isotonic,answer_abstain_top5,v3_no_query,isotonic,risk_control@suff_abstain15,5,0.7,,56,0.7310469314079422,0.628158844765343,0.6408045977011494,0.40716612377850164,0.09716599190283401,0.5928338762214984,0.902834008097166,125,24,182,348,0.0,0.0,0.7410071942446043,0.6636690647482014,0.6585365853658537,0.4271186440677966,0.06896551724137931,0.5728813559322034,0.9310344827586207,252,36,338,738,0.0,0.0
top5/logistic_regression/v3_no_query/isotonic::high_precision@cov50,top5/logistic_regression/v3_no_query/isotonic,answer_abstain_top5,v3_no_query,isotonic,high_precision@cov50,5,0.7,,56,0.7310469314079422,0.628158844765343,0.6408045977011494,0.40716612377850164,0.09716599190283401,0.5928338762214984,0.902834008097166,125,24,182,348,0.0,0.0,0.7410071942446043,0.6636690647482014,0.6585365853658537,0.4271186440677966,0.06896551724137931,0.5728813559322034,0.9310344827586207,252,36,338,738,0.0,0.0
top5/logistic_regression/v3_all/identity::balanced,top5/logistic_regression/v3_all/identity,answer_abstain_top5,v3_all,identity,balanced,5,0.4,,68,0.796028880866426,0.36462093862815886,0.8316831683168316,0.11074918566775244,0.31983805668016196,0.8892508143322475,0.680161943319838,34,79,273,202,0.0,0.0,0.7733812949640287,0.3830935251798561,0.8169014084507042,0.13220338983050847,0.3333333333333333,0.8677966101694915,0.6666666666666666,78,174,512,426,0.0,0.0
top5/logistic_regression/v3_all/identity::reliable@cov85,top5/logistic_regression/v3_all/identity,answer_abstain_top5,v3_all,identity,reliable@cov85,5,0.95,,68,0.5523465703971119,0.8898916967509025,0.49898580121703856,0.8045602605863192,0.004048582995951417,0.19543973941368079,0.9959514170040485,247,1,60,493,0.0,0.0,0.5782374100719424,0.887589928057554,0.5268490374873354,0.7915254237288135,0.0038314176245210726,0.20847457627118643,0.9961685823754789,467,2,123,987,0.0,0.0
top5/logistic_regression/v3_all/identity::risk_control@suff_abstain15,top5/logistic_regression/v3_all/identity,answer_abstain_top5,v3_all,identity,risk_control@suff_abstain15,5,0.6,,68,0.7851985559566786,0.5306859205776173,0.717687074829932,0.2703583061889251,0.145748987854251,0.7296416938110749,0.854251012145749,83,36,224,294,0.0,0.0,0.7850719424460432,0.545863309352518,0.7331136738056013,0.2745762711864407,0.1475095785440613,0.7254237288135593,0.8524904214559387,162,77,428,607,0.0,0.0
top5/logistic_regression/v3_all/identity::high_precision@cov50,top5/logistic_regression/v3_all/identity,answer_abstain_top5,v3_all,identity,high_precision@cov50,5,0.6,,68,0.7851985559566786,0.5306859205776173,0.717687074829932,0.2703583061889251,0.145748987854251,0.7296416938110749,0.854251012145749,83,36,224,294,0.0,0.0,0.7850719424460432,0.545863309352518,0.7331136738056013,0.2745762711864407,0.1475095785440613,0.7254237288135593,0.8524904214559387,162,77,428,607,0.0,0.0
top5/logistic_regression/v3_all/platt::balanced,top5/logistic_regression/v3_all/platt,answer_abstain_top5,v3_all,platt,balanced,5,0.45,,68,0.8032490974729242,0.37906137184115524,0.8285714285714286,0.11726384364820847,0.29554655870445345,0.8827361563517915,0.7044534412955465,36,73,271,210,0.0,0.0,0.7733812949640287,0.3920863309352518,0.8096330275229358,0.14067796610169492,0.32375478927203066,0.8593220338983051,0.6762452107279694,83,169,507,436,0.0,0.0
top5/logistic_regression/v3_all/platt::reliable@cov85,top5/logistic_regression/v3_all/platt,answer_abstain_top5,v3_all,platt,reliable@cov85,5,0.95,,68,0.44584837545126355,1.0,0.44584837545126355,1.0,0.0,0.0,1.0,307,0,0,554,0.0,0.0,0.4694244604316547,1.0,0.4694244604316547,1.0,0.0,0.0,1.0,590,0,0,1112,0.0,0.0
top5/logistic_regression/v3_all/platt::risk_control@suff_abstain15,top5/logistic_regression/v3_all/platt,answer_abstain_top5,v3_all,platt,risk_control@suff_abstain15,5,0.7,,68,0.779783393501805,0.5469314079422383,0.7062706270627063,0.2899022801302932,0.13360323886639677,0.7100977198697068,0.8663967611336032,89,33,218,303,0.0,0.0,0.7742805755395683,0.5692446043165468,0.7140600315955766,0.30677966101694915,0.13409961685823754,0.6932203389830508,0.8659003831417624,181,70,409,633,0.0,0.0
top5/logistic_regression/v3_all/platt::high_precision@cov50,top5/logistic_regression/v3_all/platt,answer_abstain_top5,v3_all,platt,high_precision@cov50,5,0.65,,68,0.7888086642599278,0.5054151624548736,0.7321428571428571,0.24429967426710097,0.1700404858299595,0.755700325732899,0.8299595141700404,75,42,232,280,0.0,0.0,0.7841726618705036,0.5233812949640287,0.7422680412371134,0.2542372881355932,0.1724137931034483,0.7457627118644068,0.8275862068965517,150,90,440,582,0.0,0.0
top5/logistic_regression/v3_all/isotonic::balanced,top5/logistic_regression/v3_all/isotonic,answer_abstain_top5,v3_all,isotonic,balanced,5,0.45,,68,0.796028880866426,0.3935018050541516,0.8073394495412844,0.13680781758957655,0.2874493927125506,0.8631921824104235,0.7125506072874493,42,71,265,218,0.0,0.0,0.7814748201438849,0.4073741007194245,0.8079470198675497,0.14745762711864407,0.2988505747126437,0.8525423728813559,0.7011494252873564,87,156,503,453,0.0,0.0
top5/logistic_regression/v3_all/isotonic::reliable@cov85,top5/logistic_regression/v3_all/isotonic,answer_abstain_top5,v3_all,isotonic,reliable@cov85,5,0.95,,68,0.5577617328519856,0.8844765342960289,0.5020408163265306,0.7947882736156352,0.004048582995951417,0.20521172638436483,0.9959514170040485,244,1,63,490,0.0,0.0,0.5782374100719424,0.8839928057553957,0.5269582909460834,0.788135593220339,0.007662835249042145,0.211864406779661,0.9923371647509579,465,4,125,983,0.0,0.0
top5/logistic_regression/v3_all/isotonic::risk_control@suff_abstain15,top5/logistic_regression/v3_all/isotonic,answer_abstain_top5,v3_all,isotonic,risk_control@suff_abstain15,5,0.65,,68,0.779783393501805,0.5469314079422383,0.7062706270627063,0.2899022801302932,0.13360323886639677,0.7100977198697068,0.8663967611336032,89,33,218,303,0.0,0.0,0.7742805755395683,0.5692446043165468,0.7140600315955766,0.30677966101694915,0.13409961685823754,0.6932203389830508,0.8659003831417624,181,70,409,633,0.0,0.0
top5/logistic_regression/v3_all/isotonic::high_precision@cov50,top5/logistic_regression/v3_all/isotonic,answer_abstain_top5,v3_all,isotonic,high_precision@cov50,5,0.65,,68,0.779783393501805,0.5469314079422383,0.7062706270627063,0.2899022801302932,0.13360323886639677,0.7100977198697068,0.8663967611336032,89,33,218,303,0.0,0.0,0.7742805755395683,0.5692446043165468,0.7140600315955766,0.30677966101694915,0.13409961685823754,0.6932203389830508,0.8659003831417624,181,70,409,633,0.0,0.0
top5/logistic_regression/retrieval_quality_only/identity::balanced,top5/logistic_regression/retrieval_quality_only/identity,answer_abstain_top5,retrieval_quality_only,identity,balanced,5,0.5,,30,0.7635379061371841,0.45126353790613716,0.732,0.2182410423452769,0.2591093117408907,0.7817589576547231,0.7408906882591093,67,64,240,250,0.0,0.0,0.7302158273381295,0.460431654676259,0.716796875,0.2457627118644068,0.29693486590038315,0.7542372881355932,0.7030651340996169,145,155,445,512,0.0,0.0
top5/logistic_regression/retrieval_quality_only/identity::reliable@cov85,top5/logistic_regression/retrieval_quality_only/identity,answer_abstain_top5,retrieval_quality_only,identity,reliable@cov85,5,0.9,,30,0.5505415162454874,0.8844765342960289,0.49795918367346936,0.8013029315960912,0.012145748987854251,0.1986970684039088,0.9878542510121457,246,3,61,490,0.0,0.0,0.5908273381294964,0.8767985611510791,0.5343589743589744,0.7694915254237288,0.0019157088122605363,0.2305084745762712,0.9980842911877394,454,1,136,975,0.0,0.0
top5/logistic_regression/retrieval_quality_only/identity::risk_control@suff_abstain15,top5/logistic_regression/retrieval_quality_only/identity,answer_abstain_top5,retrieval_quality_only,identity,risk_control@suff_abstain15,5,0.65,,30,0.720216606498195,0.6028880866425993,0.6377245508982036,0.3941368078175896,0.13765182186234817,0.6058631921824105,0.8623481781376519,121,34,186,334,0.0,0.0,0.710431654676259,0.6330935251798561,0.6420454545454546,0.4271186440677966,0.13409961685823754,0.5728813559322034,0.8659003831417624,252,70,338,704,0.0,0.0
top5/logistic_regression/retrieval_quality_only/identity::high_precision@cov50,top5/logistic_regression/retrieval_quality_only/identity,answer_abstain_top5,retrieval_quality_only,identity,high_precision@cov50,5,0.55,,30,0.7472924187725631,0.5216606498194946,0.6851211072664359,0.2964169381107492,0.19838056680161945,0.7035830618892508,0.8016194331983806,91,49,216,289,0.0,0.0,0.7320143884892086,0.5179856115107914,0.6944444444444444,0.2983050847457627,0.23371647509578544,0.7016949152542373,0.7662835249042146,176,122,414,576,0.0,0.0
top5/logistic_regression/retrieval_quality_only/platt::balanced,top5/logistic_regression/retrieval_quality_only/platt,answer_abstain_top5,retrieval_quality_only,platt,balanced,5,0.55,,30,0.7653429602888087,0.44945848375451264,0.7349397590361446,0.21498371335504887,0.2591093117408907,0.7850162866449512,0.7408906882591093,66,64,241,249,0.0,0.0,0.7320143884892086,0.45323741007194246,0.7222222222222222,0.23728813559322035,0.30268199233716475,0.7627118644067796,0.6973180076628352,140,158,450,504,0.0,0.0
top5/logistic_regression/retrieval_quality_only/platt::reliable@cov85,top5/logistic_regression/retrieval_quality_only/platt,answer_abstain_top5,retrieval_quality_only,platt,reliable@cov85,5,0.9,,30,0.5090252707581228,0.9368231046931408,0.47591522157996147,0.8859934853420195,0.0,0.11400651465798045,1.0,272,0,35,519,0.0,0.0,0.5359712230215827,0.9316546762589928,0.502895752895753,0.8728813559322034,0.0019157088122605363,0.1271186440677966,0.9980842911877394,515,1,75,1036,0.0,0.0
top5/logistic_regression/retrieval_quality_only/platt::risk_control@suff_abstain15,top5/logistic_regression/retrieval_quality_only/platt,answer_abstain_top5,retrieval_quality_only,platt,risk_control@suff_abstain15,5,0.7,,30,0.720216606498195,0.5992779783393501,0.6385542168674698,0.39087947882736157,0.1417004048582996,0.6091205211726385,0.8582995951417004,120,35,187,332,0.0,0.0,0.7131294964028777,0.6232014388489209,0.6464646464646465,0.4152542372881356,0.1417624521072797,0.5847457627118644,0.8582375478927203,245,74,345,693,0.0,0.0
top5/logistic_regression/retrieval_quality_only/platt::high_precision@cov50,top5/logistic_regression/retrieval_quality_only/platt,answer_abstain_top5,retrieval_quality_only,platt,high_precision@cov50,5,0.6,,30,0.7436823104693141,0.5072202166064982,0.6868327402135231,0.28664495114006516,0.21862348178137653,0.7133550488599348,0.7813765182186235,88,54,219,281,0.0,0.0,0.7284172661870504,0.5053956834532374,0.6957295373665481,0.28983050847457625,0.2509578544061303,0.7101694915254237,0.7490421455938697,171,131,419,562,0.0,0.0
top5/logistic_regression/retrieval_quality_only/isotonic::balanced,top5/logistic_regression/retrieval_quality_only/isotonic,answer_abstain_top5,retrieval_quality_only,isotonic,balanced,5,0.45,,30,0.7671480144404332,0.4187725631768953,0.7543103448275862,0.18566775244299674,0.291497975708502,0.8143322475570033,0.708502024291498,57,72,250,232,0.0,0.0,0.7338129496402878,0.4262589928057554,0.7383966244725738,0.21016949152542372,0.32950191570881227,0.7898305084745763,0.6704980842911877,124,172,466,474,0.0,0.0
top5/logistic_regression/retrieval_quality_only/isotonic::reliable@cov85,top5/logistic_regression/retrieval_quality_only/isotonic,answer_abstain_top5,retrieval_quality_only,isotonic,reliable@cov85,5,0.95,,30,0.5433212996389891,0.8916967509025271,0.4939271255060729,0.8143322475570033,0.012145748987854251,0.18566775244299674,0.9878542510121457,250,3,57,494,0.0,0.0,0.585431654676259,0.8821942446043165,0.5310907237512742,0.7796610169491526,0.0019157088122605363,0.22033898305084745,0.9980842911877394,460,1,130,981,0.0,0.0
top5/logistic_regression/retrieval_quality_only/isotonic::risk_control@suff_abstain15,top5/logistic_regression/retrieval_quality_only/isotonic,answer_abstain_top5,retrieval_quality_only,isotonic,risk_control@suff_abstain15,5,0.7,,30,0.6967509025270758,0.6516245487364621,0.6094182825484764,0.4592833876221498,0.10931174089068826,0.5407166123778502,0.8906882591093117,141,27,166,361,0.0,0.0,0.6942446043165468,0.685251798561151,0.6194225721784777,0.4915254237288136,0.09578544061302682,0.5084745762711864,0.9042145593869731,290,50,300,762,0.0,0.0
top5/logistic_regression/retrieval_quality_only/isotonic::high_precision@cov50,top5/logistic_regression/retrieval_quality_only/isotonic,answer_abstain_top5,retrieval_quality_only,isotonic,high_precision@cov50,5,0.7,,30,0.6967509025270758,0.6516245487364621,0.6094182825484764,0.4592833876221498,0.10931174089068826,0.5407166123778502,0.8906882591093117,141,27,166,361,0.0,0.0,0.6942446043165468,0.685251798561151,0.6194225721784777,0.4915254237288136,0.09578544061302682,0.5084745762711864,0.9042145593869731,290,50,300,762,0.0,0.0
top5/logistic_regression/embedding_score_only/identity::balanced,top5/logistic_regression/embedding_score_only/identity,answer_abstain_top5,embedding_score_only,identity,balanced,5,0.6,,5,0.6732851985559567,0.6570397111913358,0.5906593406593407,0.48534201954397393,0.12955465587044535,0.5146579804560261,0.8704453441295547,149,32,158,364,0.0,0.0,0.6357913669064749,0.6717625899280576,0.5783132530120482,0.5338983050847458,0.1724137931034483,0.4661016949152542,0.8275862068965517,315,90,275,747,0.0,0.0
top5/logistic_regression/embedding_score_only/identity::reliable@cov85,top5/logistic_regression/embedding_score_only/identity,answer_abstain_top5,embedding_score_only,identity,reliable@cov85,5,0.75,,5,0.5433212996389891,0.8772563176895307,0.49382716049382713,0.8013029315960912,0.02834008097165992,0.1986970684039088,0.97165991902834,246,7,61,486,0.0,0.0,0.552158273381295,0.908273381294964,0.5118811881188119,0.8355932203389831,0.009578544061302681,0.16440677966101694,0.9904214559386973,493,5,97,1010,0.0,0.0
top5/logistic_regression/embedding_score_only/identity::risk_control@suff_abstain15,top5/logistic_regression/embedding_score_only/identity,answer_abstain_top5,embedding_score_only,identity,risk_control@suff_abstain15,5,0.6,,5,0.6732851985559567,0.6570397111913358,0.5906593406593407,0.48534201954397393,0.12955465587044535,0.5146579804560261,0.8704453441295547,149,32,158,364,0.0,0.0,0.6357913669064749,0.6717625899280576,0.5783132530120482,0.5338983050847458,0.1724137931034483,0.4661016949152542,0.8275862068965517,315,90,275,747,0.0,0.0
top5/logistic_regression/embedding_score_only/identity::high_precision@cov50,top5/logistic_regression/embedding_score_only/identity,answer_abstain_top5,embedding_score_only,identity,high_precision@cov50,5,0.55,,5,0.6570397111913358,0.5216606498194946,0.5986159169550173,0.3778501628664495,0.29959514170040485,0.6221498371335505,0.7004048582995951,116,74,191,289,0.0,0.0,0.6366906474820144,0.5431654676258992,0.597682119205298,0.411864406779661,0.30842911877394635,0.588135593220339,0.6915708812260536,243,161,347,604,0.0,0.0
top5/logistic_regression/embedding_score_only/platt::balanced,top5/logistic_regression/embedding_score_only/platt,answer_abstain_top5,embedding_score_only,platt,balanced,5,0.55,,5,0.6696750902527075,0.4151624548736462,0.6391304347826087,0.2703583061889251,0.4048582995951417,0.7296416938110749,0.5951417004048583,83,100,224,230,0.0,0.0,0.6312949640287769,0.45143884892086333,0.6115537848605578,0.3305084745762712,0.4118773946360153,0.6694915254237288,0.5881226053639846,195,215,395,502,0.0,0.0
top5/logistic_regression/embedding_score_only/platt::reliable@cov85,top5/logistic_regression/embedding_score_only/platt,answer_abstain_top5,embedding_score_only,platt,reliable@cov85,5,0.75,,5,0.5613718411552346,0.8592057761732852,0.5042016806722689,0.7687296416938111,0.02834008097165992,0.23127035830618892,0.97165991902834,236,7,71,476,0.0,0.0,0.5692446043165468,0.8893884892086331,0.5217391304347826,0.8016949152542373,0.011494252873563218,0.19830508474576272,0.9885057471264368,473,6,117,989,0.0,0.0
top5/logistic_regression/embedding_score_only/platt::risk_control@suff_abstain15,top5/logistic_regression/embedding_score_only/platt,answer_abstain_top5,embedding_score_only,platt,risk_control@suff_abstain15,5,0.65,,5,0.6570397111913358,0.6841155234657039,0.575197889182058,0.5244299674267101,0.11740890688259109,0.4755700325732899,0.8825910931174089,161,29,146,379,0.0,0.0,0.6384892086330936,0.710431654676259,0.5759493670886076,0.5677966101694916,0.12835249042145594,0.4322033898305085,0.8716475095785441,335,67,255,790,0.0,0.0
top5/logistic_regression/embedding_score_only/platt::high_precision@cov50,top5/logistic_regression/embedding_score_only/platt,answer_abstain_top5,embedding_score_only,platt,high_precision@cov50,5,0.6,,5,0.6678700361010831,0.5613718411552346,0.6012861736334405,0.40390879478827363,0.242914979757085,0.5960912052117264,0.757085020242915,124,60,183,311,0.0,0.0,0.6402877697841727,0.5809352517985612,0.5944272445820433,0.4440677966101695,0.26436781609195403,0.5559322033898305,0.735632183908046,262,138,328,646,0.0,0.0
top5/logistic_regression/embedding_score_only/isotonic::balanced,top5/logistic_regression/embedding_score_only/isotonic,answer_abstain_top5,embedding_score_only,isotonic,balanced,5,0.55,,5,0.6678700361010831,0.5613718411552346,0.6012861736334405,0.40390879478827363,0.242914979757085,0.5960912052117264,0.757085020242915,124,60,183,311,0.0,0.0,0.6411870503597122,0.5800359712230215,0.5953488372093023,0.4423728813559322,0.26436781609195403,0.5576271186440678,0.735632183908046,261,138,329,645,0.0,0.0
top5/logistic_regression/embedding_score_only/isotonic::reliable@cov85,top5/logistic_regression/embedding_score_only/isotonic,answer_abstain_top5,embedding_score_only,isotonic,reliable@cov85,5,0.95,,5,0.4855595667870036,0.9530685920577617,0.4640151515151515,0.9218241042345277,0.008097165991902834,0.0781758957654723,0.9919028340080972,283,2,24,528,0.0,0.0,0.5107913669064749,0.9514388489208633,0.4896030245746692,0.9152542372881356,0.007662835249042145,0.0847457627118644,0.9923371647509579,540,4,50,1058,0.0,0.0
top5/logistic_regression/embedding_score_only/isotonic::risk_control@suff_abstain15,top5/logistic_regression/embedding_score_only/isotonic,answer_abstain_top5,embedding_score_only,isotonic,risk_control@suff_abstain15,5,0.6,,5,0.6606498194945848,0.6732851985559567,0.579088471849866,0.511400651465798,0.12550607287449392,0.48859934853420195,0.8744939271255061,157,31,150,373,0.0,0.0,0.6348920863309353,0.6888489208633094,0.5757180156657964,0.5508474576271186,0.15517241379310345,0.4491525423728814,0.8448275862068966,325,81,265,766,0.0,0.0
top5/logistic_regression/embedding_score_only/isotonic::high_precision@cov50,top5/logistic_regression/embedding_score_only/isotonic,answer_abstain_top5,embedding_score_only,isotonic,high_precision@cov50,5,0.55,,5,0.6678700361010831,0.5613718411552346,0.6012861736334405,0.40390879478827363,0.242914979757085,0.5960912052117264,0.757085020242915,124,60,183,311,0.0,0.0,0.6411870503597122,0.5800359712230215,0.5953488372093023,0.4423728813559322,0.26436781609195403,0.5576271186440678,0.735632183908046,261,138,329,645,0.0,0.0
top10/logistic_regression/v3_no_query/identity::retrieve_more_balanced,top10/logistic_regression/v3_no_query/identity,answer_retrieve_more_abstain,v3_no_query,identity,retrieve_more_balanced,10,0.1,0.45,56,0.8212996389891697,0.6660649819494585,0.8373983739837398,0.2912621359223301,0.11206896551724138,0.7087378640776699,0.8879310344827587,60,39,146,369,0.9061371841155235,4.530685920577618,0.7949640287769785,0.6816546762589928,0.8337730870712401,0.3333333333333333,0.13896457765667575,0.6666666666666666,0.8610354223433242,126,102,252,758,0.9118705035971223,4.559352517985611
top10/logistic_regression/v3_no_query/identity::retrieve_more@cov85,top10/logistic_regression/v3_no_query/identity,answer_retrieve_more_abstain,v3_no_query,identity,retrieve_more@cov85,10,0.1,0.75,56,0.7454873646209387,0.8501805054151624,0.7197452229299363,0.6407766990291263,0.02586206896551724,0.3592233009708738,0.9741379310344828,132,9,74,471,0.9061371841155235,4.530685920577618,0.7697841726618705,0.8597122302158273,0.75,0.6322751322751323,0.02316076294277929,0.36772486772486773,0.9768392370572208,239,17,139,956,0.9118705035971223,4.559352517985611
top10/logistic_regression/v3_no_query/identity::retrieve_more_risk_control@suff_abstain15,top10/logistic_regression/v3_no_query/identity,answer_retrieve_more_abstain,v3_no_query,identity,retrieve_more_risk_control@suff_abstain15,10,0.1,0.4,56,0.8158844765342961,0.6245487364620939,0.8554913294797688,0.24271844660194175,0.14942528735632185,0.7572815533980582,0.8505747126436781,50,52,156,346,0.9061371841155235,4.530685920577618,0.7859712230215827,0.6420863309352518,0.8473389355742297,0.28835978835978837,0.17574931880108993,0.7116402116402116,0.8242506811989101,109,129,269,714,0.9118705035971223,4.559352517985611
top10/logistic_regression/v3_no_query/identity::retrieve_more_high_precision@cov50,top10/logistic_regression/v3_no_query/identity,answer_retrieve_more_abstain,v3_no_query,identity,retrieve_more_high_precision@cov50,10,0.1,0.3,56,0.7617328519855595,0.5270758122743683,0.8698630136986302,0.18446601941747573,0.27011494252873564,0.8155339805825242,0.7298850574712644,38,94,168,292,0.9061371841155235,4.530685920577618,0.7607913669064749,0.5575539568345323,0.8774193548387097,0.20105820105820105,0.25885558583106266,0.798941798941799,0.7411444141689373,76,190,302,620,0.9118705035971223,4.559352517985611
top10/logistic_regression/v3_no_query/platt::retrieve_more_balanced,top10/logistic_regression/v3_no_query/platt,answer_retrieve_more_abstain,v3_no_query,platt,retrieve_more_balanced,10,0.15,0.45,56,0.8285198555956679,0.6552346570397112,0.8484848484848485,0.2669902912621359,0.11494252873563218,0.7330097087378641,0.8850574712643678,55,40,151,363,0.9404332129963899,4.70216606498195,0.7940647482014388,0.6744604316546763,0.8386666666666667,0.32266666666666666,0.14654002713704206,0.6773333333333333,0.8534599728629579,121,108,254,750,0.9415467625899281,4.70773381294964
top10/logistic_regression/v3_no_query/platt::retrieve_more@cov85,top10/logistic_regression/v3_no_query/platt,answer_retrieve_more_abstain,v3_no_query,platt,retrieve_more@cov85,10,0.15,0.8,56,0.7364620938628159,0.8628158844765343,0.7112970711297071,0.6699029126213593,0.022988505747126436,0.3300970873786408,0.9770114942528736,138,8,68,478,0.9404332129963899,4.70216606498195,0.7643884892086331,0.8732014388489209,0.7445932028836252,0.6613333333333333,0.018995929443690638,0.33866666666666667,0.9810040705563093,248,14,127,971,0.9415467625899281,4.70773381294964
top10/logistic_regression/v3_no_query/platt::retrieve_more_risk_control@suff_abstain15,top10/logistic_regression/v3_no_query/platt,answer_retrieve_more_abstain,v3_no_query,platt,retrieve_more_risk_control@suff_abstain15,10,0.15,0.45,56,0.8285198555956679,0.6552346570397112,0.8484848484848485,0.2669902912621359,0.11494252873563218,0.7330097087378641,0.8850574712643678,55,40,151,363,0.9404332129963899,4.70216606498195,0.7940647482014388,0.6744604316546763,0.8386666666666667,0.32266666666666666,0.14654002713704206,0.6773333333333333,0.8534599728629579,121,108,254,750,0.9415467625899281,4.70773381294964
top10/logistic_regression/v3_no_query/platt::retrieve_more_high_precision@cov50,top10/logistic_regression/v3_no_query/platt,answer_retrieve_more_abstain,v3_no_query,platt,retrieve_more_high_precision@cov50,10,0.15,0.3,56,0.7635379061371841,0.5288808664259927,0.8703071672354948,0.18446601941747573,0.2672413793103448,0.8155339805825242,0.7327586206896551,38,93,168,293,0.9404332129963899,4.70216606498195,0.7634892086330936,0.5575539568345323,0.882258064516129,0.19466666666666665,0.25780189959294436,0.8053333333333333,0.7421981004070556,73,190,302,620,0.9415467625899281,4.70773381294964
top10/logistic_regression/v3_no_query/isotonic::retrieve_more_balanced,top10/logistic_regression/v3_no_query/isotonic,answer_retrieve_more_abstain,v3_no_query,isotonic,retrieve_more_balanced,10,0.1,0.5,56,0.8176895306859205,0.6732851985559567,0.8310991957104558,0.3058252427184466,0.10919540229885058,0.6941747572815534,0.8908045977011494,63,38,143,373,0.9025270758122743,4.512635379061372,0.7976618705035972,0.6987410071942446,0.8275418275418276,0.3544973544973545,0.12397820163487738,0.6455026455026455,0.8760217983651226,134,91,244,777,0.8983812949640287,4.491906474820143
top10/logistic_regression/v3_no_query/isotonic::retrieve_more@cov85,top10/logistic_regression/v3_no_query/isotonic,answer_retrieve_more_abstain,v3_no_query,isotonic,retrieve_more@cov85,10,0.1,0.85,56,0.7418772563176895,0.8537906137184116,0.7167019027484144,0.6504854368932039,0.02586206896551724,0.34951456310679613,0.9741379310344828,134,9,72,473,0.9025270758122743,4.512635379061372,0.7697841726618705,0.8615107913669064,0.7494780793319415,0.6349206349206349,0.021798365122615803,0.36507936507936506,0.9782016348773842,240,16,138,958,0.8983812949640287,4.491906474820143
top10/logistic_regression/v3_no_query/isotonic::retrieve_more_risk_control@suff_abstain15,top10/logistic_regression/v3_no_query/isotonic,answer_retrieve_more_abstain,v3_no_query,isotonic,retrieve_more_risk_control@suff_abstain15,10,0.1,0.5,56,0.8176895306859205,0.6732851985559567,0.8310991957104558,0.3058252427184466,0.10919540229885058,0.6941747572815534,0.8908045977011494,63,38,143,373,0.9025270758122743,4.512635379061372,0.7976618705035972,0.6987410071942446,0.8275418275418276,0.3544973544973545,0.12397820163487738,0.6455026455026455,0.8760217983651226,134,91,244,777,0.8983812949640287,4.491906474820143
top10/logistic_regression/v3_no_query/isotonic::retrieve_more_high_precision@cov50,top10/logistic_regression/v3_no_query/isotonic,answer_retrieve_more_abstain,v3_no_query,isotonic,retrieve_more_high_precision@cov50,10,0.1,0.3,56,0.7725631768953068,0.5415162454873647,0.87,0.18932038834951456,0.25,0.8106796116504854,0.75,39,87,167,300,0.9025270758122743,4.512635379061372,0.7679856115107914,0.5719424460431655,0.8742138364779874,0.21164021164021163,0.24250681198910082,0.7883597883597884,0.7574931880108992,80,178,298,636,0.8983812949640287,4.491906474820143
top10/logistic_regression/v3_all/identity::retrieve_more_balanced,top10/logistic_regression/v3_all/identity,answer_retrieve_more_abstain,v3_all,identity,retrieve_more_balanced,10,0.15,0.45,68,0.8285198555956679,0.6696750902527075,0.8409703504043127,0.28640776699029125,0.10344827586206896,0.7135922330097088,0.896551724137931,59,36,147,371,0.8646209386281588,4.323104693140794,0.8093525179856115,0.6807553956834532,0.8441215323645971,0.3113456464379947,0.12824010914051842,0.6886543535620053,0.8717598908594816,118,94,261,757,0.8453237410071942,4.226618705035971
top10/logistic_regression/v3_all/identity::retrieve_more@cov85,top10/logistic_regression/v3_all/identity,answer_retrieve_more_abstain,v3_all,identity,retrieve_more@cov85,10,0.15,0.8,68,0.7364620938628159,0.8628158844765343,0.7112970711297071,0.6699029126213593,0.022988505747126436,0.3300970873786408,0.9770114942528736,138,8,68,478,0.8646209386281588,4.323104693140794,0.7643884892086331,0.875,0.7420349434737924,0.662269129287599,0.015006821282401092,0.33773087071240104,0.984993178717599,251,11,128,973,0.8453237410071942,4.226618705035971
top10/logistic_regression/v3_all/identity::retrieve_more_risk_control@suff_abstain15,top10/logistic_regression/v3_all/identity,answer_retrieve_more_abstain,v3_all,identity,retrieve_more_risk_control@suff_abstain15,10,0.15,0.4,68,0.8194945848375451,0.6353790613718412,0.8522727272727273,0.2524271844660194,0.13793103448275862,0.7475728155339806,0.8620689655172413,52,48,154,352,0.8646209386281588,4.323104693140794,0.810251798561151,0.6384892086330936,0.8676056338028169,0.24802110817941952,0.15961800818553887,0.7519788918205804,0.8403819918144612,94,117,285,710,0.8453237410071942,4.226618705035971
top10/logistic_regression/v3_all/identity::retrieve_more_high_precision@cov50,top10/logistic_regression/v3_all/identity,answer_retrieve_more_abstain,v3_all,identity,retrieve_more_high_precision@cov50,10,0.15,0.3,68,0.7833935018050542,0.5342960288808665,0.8851351351351351,0.1650485436893204,0.2471264367816092,0.8349514563106796,0.7528735632183908,34,86,172,296,0.8646209386281588,4.323104693140794,0.7796762589928058,0.5539568345323741,0.8961038961038961,0.16886543535620052,0.24693042291950887,0.8311345646437994,0.7530695770804912,64,181,315,616,0.8453237410071942,4.226618705035971
top10/logistic_regression/v3_all/platt::retrieve_more_balanced,top10/logistic_regression/v3_all/platt,answer_retrieve_more_abstain,v3_all,platt,retrieve_more_balanced,10,0.15,0.5,68,0.8249097472924187,0.6768953068592057,0.8346666666666667,0.30097087378640774,0.10057471264367816,0.6990291262135923,0.8994252873563219,62,35,144,375,0.8862815884476535,4.431407942238267,0.814748201438849,0.7005395683453237,0.8408215661103979,0.33066666666666666,0.1112618724559023,0.6693333333333333,0.8887381275440976,124,82,251,779,0.8938848920863309,4.469424460431655
top10/logistic_regression/v3_all/platt::retrieve_more@cov85,top10/logistic_regression/v3_all/platt,answer_retrieve_more_abstain,v3_all,platt,retrieve_more@cov85,10,0.15,0.85,68,0.7256317689530686,0.8772563176895307,0.7016460905349794,0.7038834951456311,0.020114942528735632,0.2961165048543689,0.9798850574712644,145,7,61,486,0.8862815884476535,4.431407942238267,0.762589928057554,0.8857913669064749,0.7401015228426396,0.6826666666666666,0.010854816824966078,0.31733333333333336,0.989145183175034,256,8,119,985,0.8938848920863309,4.469424460431655
top10/logistic_regression/v3_all/platt::retrieve_more_risk_control@suff_abstain15,top10/logistic_regression/v3_all/platt,answer_retrieve_more_abstain,v3_all,platt,retrieve_more_risk_control@suff_abstain15,10,0.15,0.4,68,0.8194945848375451,0.631768953068592,0.8542857142857143,0.24757281553398058,0.14080459770114942,0.7524271844660194,0.8591954022988506,51,49,155,350,0.8862815884476535,4.431407942238267,0.814748201438849,0.6339928057553957,0.8765957446808511,0.232,0.1614654002713704,0.768,0.8385345997286295,87,119,288,705,0.8938848920863309,4.469424460431655
top10/logistic_regression/v3_all/platt::retrieve_more_high_precision@cov50,top10/logistic_regression/v3_all/platt,answer_retrieve_more_abstain,v3_all,platt,retrieve_more_high_precision@cov50,10,0.15,0.3,68,0.7851985559566786,0.5361010830324909,0.8855218855218855,0.1650485436893204,0.2442528735632184,0.8349514563106796,0.7557471264367817,34,85,172,297,0.8862815884476535,4.431407942238267,0.7859712230215827,0.5584532374100719,0.9017713365539453,0.16266666666666665,0.24016282225237448,0.8373333333333334,0.7598371777476255,61,177,314,621,0.8938848920863309,4.469424460431655
top10/logistic_regression/v3_all/isotonic::retrieve_more_balanced,top10/logistic_regression/v3_all/isotonic,answer_retrieve_more_abstain,v3_all,isotonic,retrieve_more_balanced,10,0.1,0.45,68,0.8122743682310469,0.6101083032490975,0.8609467455621301,0.22815533980582525,0.16379310344827586,0.7718446601941747,0.8362068965517241,47,57,159,338,0.8664259927797834,4.332129963898917,0.8039568345323741,0.6106115107913669,0.8792341678939617,0.21635883905013192,0.1855388813096862,0.783641160949868,0.8144611186903138,82,136,297,679,0.8516187050359713,4.258093525179857
top10/logistic_regression/v3_all/isotonic::retrieve_more@cov85,top10/logistic_regression/v3_all/isotonic,answer_retrieve_more_abstain,v3_all,isotonic,retrieve_more@cov85,10,0.1,0.8,68,0.740072202166065,0.855595667870036,0.7151898734177216,0.6553398058252428,0.02586206896551724,0.3446601941747573,0.9741379310344828,135,9,71,474,0.8664259927797834,4.332129963898917,0.7670863309352518,0.8723021582733813,0.7443298969072165,0.6543535620052771,0.015006821282401092,0.34564643799472294,0.984993178717599,248,11,131,970,0.8516187050359713,4.258093525179857
top10/logistic_regression/v3_all/isotonic::retrieve_more_risk_control@suff_abstain15,top10/logistic_regression/v3_all/isotonic,answer_retrieve_more_abstain,v3_all,isotonic,retrieve_more_risk_control@suff_abstain15,10,0.65,0.45,68,0.7382671480144405,0.6588447653429603,0.7123287671232876,0.41338582677165353,0.13333333333333333,0.5866141732283464,0.8666666666666667,105,40,149,365,0.45306859205776173,2.265342960288809,0.7311151079136691,0.6735611510791367,0.7236315086782377,0.4330543933054393,0.14511041009463724,0.5669456066945606,0.8548895899053628,207,92,271,749,0.4307553956834532,2.153776978417266
top10/logistic_regression/v3_all/isotonic::retrieve_more_high_precision@cov50,top10/logistic_regression/v3_all/isotonic,answer_retrieve_more_abstain,v3_all,isotonic,retrieve_more_high_precision@cov50,10,0.1,0.3,68,0.779783393501805,0.5234657039711191,0.8896551724137931,0.1553398058252427,0.25862068965517243,0.8446601941747572,0.7413793103448276,32,90,174,290,0.8664259927797834,4.332129963898917,0.7778776978417267,0.5467625899280576,0.899671052631579,0.16094986807387862,0.25375170532060026,0.8390501319261213,0.7462482946793997,61,186,318,608,0.8516187050359713,4.258093525179857
top10/logistic_regression/retrieval_quality_only/identity::retrieve_more_balanced,top10/logistic_regression/retrieval_quality_only/identity,answer_retrieve_more_abstain,retrieval_quality_only,identity,retrieve_more_balanced,10,0.05,0.45,30,0.7942238267148014,0.6534296028880866,0.8232044198895028,0.3106796116504854,0.14367816091954022,0.6893203883495146,0.8563218390804598,64,50,142,362,0.9783393501805054,4.891696750902527,0.7949640287769785,0.689748201438849,0.8318122555410691,0.344,0.13432835820895522,0.656,0.8656716417910447,129,99,246,767,0.9775179856115108,4.8875899280575545
top10/logistic_regression/retrieval_quality_only/identity::retrieve_more@cov85,top10/logistic_regression/retrieval_quality_only/identity,answer_retrieve_more_abstain,retrieval_quality_only,identity,retrieve_more@cov85,10,0.05,0.7,30,0.7436823104693141,0.855595667870036,0.7172995780590717,0.6504854368932039,0.022988505747126436,0.34951456310679613,0.9770114942528736,134,8,72,474,0.9783393501805054,4.891696750902527,0.7733812949640287,0.8480215827338129,0.7571580063626723,0.6106666666666667,0.031207598371777476,0.3893333333333333,0.9687924016282226,229,23,146,943,0.9775179856115108,4.8875899280575545
top10/logistic_regression/retrieval_quality_only/identity::retrieve_more_risk_control@suff_abstain15,top10/logistic_regression/retrieval_quality_only/identity,answer_retrieve_more_abstain,retrieval_quality_only,identity,retrieve_more_risk_control@suff_abstain15,10,0.05,0.45,30,0.7942238267148014,0.6534296028880866,0.8232044198895028,0.3106796116504854,0.14367816091954022,0.6893203883495146,0.8563218390804598,64,50,142,362,0.9783393501805054,4.891696750902527,0.7949640287769785,0.689748201438849,0.8318122555410691,0.344,0.13432835820895522,0.656,0.8656716417910447,129,99,246,767,0.9775179856115108,4.8875899280575545
top10/logistic_regression/retrieval_quality_only/identity::retrieve_more_high_precision@cov50,top10/logistic_regression/retrieval_quality_only/identity,answer_retrieve_more_abstain,retrieval_quality_only,identity,retrieve_more_high_precision@cov50,10,0.05,0.3,30,0.7563176895306859,0.5108303249097473,0.8763250883392226,0.16990291262135923,0.28735632183908044,0.8300970873786407,0.7126436781609196,35,100,171,283,0.9783393501805054,4.891696750902527,0.7338129496402878,0.5314748201438849,0.8730964467005076,0.2,0.29986431478968795,0.8,0.7001356852103121,75,221,300,591,0.9775179856115108,4.8875899280575545
top10/logistic_regression/retrieval_quality_only/platt::retrieve_more_balanced,top10/logistic_regression/retrieval_quality_only/platt,answer_retrieve_more_abstain,retrieval_quality_only,platt,retrieve_more_balanced,10,0.15,0.5,30,0.7978339350180506,0.6714801444043321,0.8172043010752689,0.3300970873786408,0.12643678160919541,0.6699029126213593,0.8735632183908046,68,44,138,372,0.9711191335740073,4.855595667870036,0.7940647482014388,0.7014388489208633,0.8256410256410256,0.3626666666666667,0.12618724559023067,0.6373333333333333,0.8738127544097694,136,93,239,780,0.9748201438848921,4.874100719424461
top10/logistic_regression/retrieval_quality_only/platt::retrieve_more@cov85,top10/logistic_regression/retrieval_quality_only/platt,answer_retrieve_more_abstain,retrieval_quality_only,platt,retrieve_more@cov85,10,0.15,0.75,30,0.740072202166065,0.8592057761732852,0.7142857142857143,0.6601941747572816,0.022988505747126436,0.33980582524271846,0.9770114942528736,136,8,70,476,0.9711191335740073,4.855595667870036,0.7670863309352518,0.8561151079136691,0.7510504201680672,0.632,0.029850746268656716,0.368,0.9701492537313433,237,22,138,952,0.9748201438848921,4.874100719424461
top10/logistic_regression/retrieval_quality_only/platt::retrieve_more_risk_control@suff_abstain15,top10/logistic_regression/retrieval_quality_only/platt,answer_retrieve_more_abstain,retrieval_quality_only,platt,retrieve_more_risk_control@suff_abstain15,10,0.15,0.5,30,0.7978339350180506,0.6714801444043321,0.8172043010752689,0.3300970873786408,0.12643678160919541,0.6699029126213593,0.8735632183908046,68,44,138,372,0.9711191335740073,4.855595667870036,0.7940647482014388,0.7014388489208633,0.8256410256410256,0.3626666666666667,0.12618724559023067,0.6373333333333333,0.8738127544097694,136,93,239,780,0.9748201438848921,4.874100719424461
top10/logistic_regression/retrieval_quality_only/platt::retrieve_more_high_precision@cov50,top10/logistic_regression/retrieval_quality_only/platt,answer_retrieve_more_abstain,retrieval_quality_only,platt,retrieve_more_high_precision@cov50,10,0.15,0.3,30,0.7563176895306859,0.5072202166064982,0.8790035587188612,0.1650485436893204,0.29022988505747127,0.8349514563106796,0.7097701149425287,34,101,172,281,0.9711191335740073,4.855595667870036,0.7266187050359713,0.5170863309352518,0.8765217391304347,0.18933333333333333,0.31614654002713705,0.8106666666666666,0.683853459972863,71,233,304,575,0.9748201438848921,4.874100719424461
top10/logistic_regression/retrieval_quality_only/isotonic::retrieve_more_balanced,top10/logistic_regression/retrieval_quality_only/isotonic,answer_retrieve_more_abstain,retrieval_quality_only,isotonic,retrieve_more_balanced,10,0.0,0.45,30,0.7942238267148014,0.6498194945848376,0.825,0.3058252427184466,0.14655172413793102,0.6941747572815534,0.853448275862069,63,51,143,360,0.9494584837545126,4.747292418772563,0.7904676258992805,0.6834532374100719,0.8315789473684211,0.3413333333333333,0.14246947082767977,0.6586666666666666,0.8575305291723202,128,105,247,760,0.9532374100719424,4.766187050359712
top10/logistic_regression/retrieval_quality_only/isotonic::retrieve_more@cov85,top10/logistic_regression/retrieval_quality_only/isotonic,answer_retrieve_more_abstain,retrieval_quality_only,isotonic,retrieve_more@cov85,10,0.0,0.7,30,0.7148014440433214,0.8880866425992779,0.693089430894309,0.7330097087378641,0.020114942528735632,0.2669902912621359,0.9798850574712644,151,7,55,492,0.9494584837545126,4.747292418772563,0.75,0.887589928057554,0.7325227963525835,0.704,0.018995929443690638,0.296,0.9810040705563093,264,14,111,987,0.9532374100719424,4.766187050359712
top10/logistic_regression/retrieval_quality_only/isotonic::retrieve_more_risk_control@suff_abstain15,top10/logistic_regression/retrieval_quality_only/isotonic,answer_retrieve_more_abstain,retrieval_quality_only,isotonic,retrieve_more_risk_control@suff_abstain15,10,0.0,0.45,30,0.7942238267148014,0.6498194945848376,0.825,0.3058252427184466,0.14655172413793102,0.6941747572815534,0.853448275862069,63,51,143,360,0.9494584837545126,4.747292418772563,0.7904676258992805,0.6834532374100719,0.8315789473684211,0.3413333333333333,0.14246947082767977,0.6586666666666666,0.8575305291723202,128,105,247,760,0.9532374100719424,4.766187050359712
top10/logistic_regression/retrieval_quality_only/isotonic::retrieve_more_high_precision@cov50,top10/logistic_regression/retrieval_quality_only/isotonic,answer_retrieve_more_abstain,retrieval_quality_only,isotonic,retrieve_more_high_precision@cov50,10,0.65,0.1,30,0.6859205776173285,0.5,0.7545126353790613,0.28451882845188287,0.33650793650793653,0.7154811715481172,0.6634920634920635,68,106,171,277,0.555956678700361,2.779783393501805,0.6438848920863309,0.493705035971223,0.7468123861566485,0.31235955056179776,0.3853073463268366,0.6876404494382022,0.6146926536731634,139,257,306,549,0.552158273381295,2.7607913669064748
top10/logistic_regression/embedding_score_only/identity::retrieve_more_balanced,top10/logistic_regression/embedding_score_only/identity,answer_retrieve_more_abstain,embedding_score_only,identity,retrieve_more_balanced,10,0.1,0.55,5,0.7581227436823105,0.7978339350180506,0.7420814479638009,0.5533980582524272,0.05747126436781609,0.44660194174757284,0.9425287356321839,114,20,92,442,0.9729241877256317,4.864620938628159,0.7589928057553957,0.8174460431654677,0.757975797579758,0.5866666666666667,0.06512890094979647,0.41333333333333333,0.9348710990502035,220,48,155,909,0.9676258992805755,4.838129496402877
top10/logistic_regression/embedding_score_only/identity::retrieve_more@cov85,top10/logistic_regression/embedding_score_only/identity,answer_retrieve_more_abstain,embedding_score_only,identity,retrieve_more@cov85,10,0.1,0.6,5,0.6967509025270758,0.9097472924187726,0.6785714285714286,0.7864077669902912,0.017241379310344827,0.21359223300970873,0.9827586206896551,162,6,44,504,0.9729241877256317,4.864620938628159,0.7266187050359713,0.9235611510791367,0.7108081791626095,0.792,0.009497964721845319,0.208,0.9905020352781547,297,7,78,1027,0.9676258992805755,4.838129496402877
top10/logistic_regression/embedding_score_only/identity::retrieve_more_risk_control@suff_abstain15,top10/logistic_regression/embedding_score_only/identity,answer_retrieve_more_abstain,embedding_score_only,identity,retrieve_more_risk_control@suff_abstain15,10,0.1,0.5,5,0.7509025270758123,0.7148014440433214,0.7651515151515151,0.45145631067961167,0.12931034482758622,0.5485436893203883,0.8706896551724138,93,45,113,396,0.9729241877256317,4.864620938628159,0.7526978417266187,0.7284172661870504,0.7851851851851852,0.464,0.13704206241519673,0.536,0.8629579375848032,174,101,201,810,0.9676258992805755,4.838129496402877
top10/logistic_regression/embedding_score_only/identity::retrieve_more_high_precision@cov50,top10/logistic_regression/embedding_score_only/identity,answer_retrieve_more_abstain,embedding_score_only,identity,retrieve_more_high_precision@cov50,10,0.1,0.4,5,0.7328519855595668,0.5740072202166066,0.8144654088050315,0.28640776699029125,0.2557471264367816,0.7135922330097088,0.7442528735632183,59,89,147,318,0.9729241877256317,4.864620938628159,0.7239208633093526,0.5971223021582733,0.8237951807228916,0.312,0.25780189959294436,0.688,0.7421981004070556,117,190,258,664,0.9676258992805755,4.838129496402877
top10/logistic_regression/embedding_score_only/platt::retrieve_more_balanced,top10/logistic_regression/embedding_score_only/platt,answer_retrieve_more_abstain,embedding_score_only,platt,retrieve_more_balanced,10,0.15,0.55,5,0.759927797833935,0.7454873646209387,0.7602905569007264,0.48058252427184467,0.09770114942528736,0.5194174757281553,0.9022988505747126,99,34,107,413,0.98014440433213,4.90072202166065,0.762589928057554,0.7482014388489209,0.7848557692307693,0.4786096256684492,0.11517615176151762,0.5213903743315508,0.8848238482384824,179,85,195,832,0.9865107913669064,4.932553956834532
top10/logistic_regression/embedding_score_only/platt::retrieve_more@cov85,top10/logistic_regression/embedding_score_only/platt,answer_retrieve_more_abstain,embedding_score_only,platt,retrieve_more@cov85,10,0.15,0.65,5,0.6949458483754513,0.9151624548736462,0.6765285996055227,0.7961165048543689,0.014367816091954023,0.20388349514563106,0.985632183908046,164,5,42,507,0.98014440433213,4.90072202166065,0.7230215827338129,0.9298561151079137,0.7079303675048356,0.8074866310160428,0.008130081300813009,0.1925133689839572,0.991869918699187,302,6,72,1034,0.9865107913669064,4.932553956834532
top10/logistic_regression/embedding_score_only/platt::retrieve_more_risk_control@suff_abstain15,top10/logistic_regression/embedding_score_only/platt,answer_retrieve_more_abstain,embedding_score_only,platt,retrieve_more_risk_control@suff_abstain15,10,0.15,0.55,5,0.759927797833935,0.7454873646209387,0.7602905569007264,0.48058252427184467,0.09770114942528736,0.5194174757281553,0.9022988505747126,99,34,107,413,0.98014440433213,4.90072202166065,0.762589928057554,0.7482014388489209,0.7848557692307693,0.4786096256684492,0.11517615176151762,0.5213903743315508,0.8848238482384824,179,85,195,832,0.9865107913669064,4.932553956834532
top10/logistic_regression/embedding_score_only/platt::retrieve_more_high_precision@cov50,top10/logistic_regression/embedding_score_only/platt,answer_retrieve_more_abstain,embedding_score_only,platt,retrieve_more_high_precision@cov50,10,0.15,0.4,5,0.7129963898916968,0.5541516245487365,0.8078175895765473,0.28640776699029125,0.28735632183908044,0.7135922330097088,0.7126436781609196,59,100,147,307,0.98014440433213,4.90072202166065,0.7185251798561151,0.5782374100719424,0.8304821150855366,0.2914438502673797,0.2764227642276423,0.7085561497326203,0.7235772357723578,109,204,265,643,0.9865107913669064,4.932553956834532
top10/logistic_regression/embedding_score_only/isotonic::retrieve_more_balanced,top10/logistic_regression/embedding_score_only/isotonic,answer_retrieve_more_abstain,embedding_score_only,isotonic,retrieve_more_balanced,10,0.0,0.55,5,0.7527075812274369,0.6985559566787004,0.772609819121447,0.42718446601941745,0.14080459770114942,0.5728155339805825,0.8591954022988506,88,49,118,387,0.9693140794223827,4.846570397111913,0.7508992805755396,0.7176258992805755,0.7882205513784462,0.45066666666666666,0.14654002713704206,0.5493333333333333,0.8534599728629579,169,108,206,798,0.9658273381294964,4.829136690647482
top10/logistic_regression/embedding_score_only/isotonic::retrieve_more@cov85,top10/logistic_regression/embedding_score_only/isotonic,answer_retrieve_more_abstain,embedding_score_only,isotonic,retrieve_more@cov85,10,0.0,0.6,5,0.7418772563176895,0.8501805054151624,0.7176220806794055,0.6456310679611651,0.028735632183908046,0.35436893203883496,0.9712643678160919,133,10,73,471,0.9693140794223827,4.846570397111913,0.7446043165467626,0.8714028776978417,0.7337461300309598,0.688,0.035278154681139755,0.312,0.9647218453188603,258,26,117,969,0.9658273381294964,4.829136690647482
top10/logistic_regression/embedding_score_only/isotonic::retrieve_more_risk_control@suff_abstain15,top10/logistic_regression/embedding_score_only/isotonic,answer_retrieve_more_abstain,embedding_score_only,isotonic,retrieve_more_risk_control@suff_abstain15,10,0.0,0.55,5,0.7527075812274369,0.6985559566787004,0.772609819121447,0.42718446601941745,0.14080459770114942,0.5728155339805825,0.8591954022988506,88,49,118,387,0.9693140794223827,4.846570397111913,0.7508992805755396,0.7176258992805755,0.7882205513784462,0.45066666666666666,0.14654002713704206,0.5493333333333333,0.8534599728629579,169,108,206,798,0.9658273381294964,4.829136690647482
top10/logistic_regression/embedding_score_only/isotonic::retrieve_more_high_precision@cov50,top10/logistic_regression/embedding_score_only/isotonic,answer_retrieve_more_abstain,embedding_score_only,isotonic,retrieve_more_high_precision@cov50,10,0.0,0.35,5,0.7093862815884476,0.5252707581227437,0.8213058419243986,0.2524271844660194,0.3132183908045977,0.7475728155339806,0.6867816091954023,52,109,154,291,0.9693140794223827,4.846570397111913,0.6996402877697842,0.5404676258992805,0.8352745424292846,0.264,0.31886024423337855,0.736,0.6811397557666214,99,235,276,601,0.9658273381294964,4.829136690647482
top20/logistic_regression/v3_no_query/identity::retrieve_more_balanced,top20/logistic_regression/v3_no_query/identity,answer_retrieve_more_abstain,v3_no_query,identity,retrieve_more_balanced,20,0.1,0.45,56,0.8339350180505415,0.8014440433212996,0.8513513513513513,0.44,0.06435643564356436,0.56,0.9356435643564357,66,26,84,444,0.9061371841155235,13.592057761732852,0.8453237410071942,0.8120503597122302,0.8770764119601329,0.42857142857142855,0.07151230949589683,0.5714285714285714,0.9284876905041032,111,61,148,903,0.9118705035971223,13.678057553956835
top20/logistic_regression/v3_no_query/identity::retrieve_more@cov85,top20/logistic_regression/v3_no_query/identity,answer_retrieve_more_abstain,v3_no_query,identity,retrieve_more@cov85,20,0.1,0.6,56,0.8140794223826715,0.8646209386281588,0.81419624217119,0.5933333333333334,0.034653465346534656,0.4066666666666667,0.9653465346534653,89,14,61,479,0.9061371841155235,13.592057761732852,0.8372302158273381,0.8812949640287769,0.8428571428571429,0.5945945945945946,0.031652989449003514,0.40540540540540543,0.9683470105509965,154,27,105,980,0.9118705035971223,13.678057553956835
top20/logistic_regression/v3_no_query/identity::retrieve_more_risk_control@suff_abstain15,top20/logistic_regression/v3_no_query/identity,answer_retrieve_more_abstain,v3_no_query,identity,retrieve_more_risk_control@suff_abstain15,20,0.1,0.3,56,0.8212996389891697,0.6949458483754513,0.8961038961038961,0.26666666666666666,0.14603960396039603,0.7333333333333333,0.8539603960396039,40,59,110,385,0.9061371841155235,13.592057761732852,0.8111510791366906,0.7113309352517986,0.9064475347661188,0.2857142857142857,0.15943728018757328,0.7142857142857143,0.8405627198124267,74,136,185,791,0.9118705035971223,13.678057553956835
top20/logistic_regression/v3_no_query/identity::retrieve_more_high_precision@cov50,top20/logistic_regression/v3_no_query/identity,answer_retrieve_more_abstain,v3_no_query,identity,retrieve_more_high_precision@cov50,20,0.1,0.15,56,0.7274368231046932,0.5288808664259927,0.931740614334471,0.13333333333333333,0.32425742574257427,0.8666666666666667,0.6757425742574258,20,131,130,293,0.9061371841155235,13.592057761732852,0.6843525179856115,0.5251798561151079,0.9297945205479452,0.1583011583011583,0.3634232121922626,0.8416988416988417,0.6365767878077374,41,310,218,584,0.9118705035971223,13.678057553956835
top20/logistic_regression/v3_no_query/platt::retrieve_more_balanced,top20/logistic_regression/v3_no_query/platt,answer_retrieve_more_abstain,v3_no_query,platt,retrieve_more_balanced,20,0.15,0.45,56,0.8303249097472925,0.8231046931407943,0.8399122807017544,0.4866666666666667,0.05198019801980198,0.5133333333333333,0.948019801980198,73,21,77,456,0.9404332129963899,14.10649819494585,0.8480215827338129,0.8300359712230215,0.8721560130010835,0.4609375,0.05957943925233645,0.5390625,0.9404205607476636,118,51,138,923,0.9415467625899281,14.123201438848922
top20/logistic_regression/v3_no_query/platt::retrieve_more@cov85,top20/logistic_regression/v3_no_query/platt,answer_retrieve_more_abstain,v3_no_query,platt,retrieve_more@cov85,20,0.15,0.55,56,0.8158844765342961,0.851985559566787,0.8199152542372882,0.5666666666666667,0.04207920792079208,0.43333333333333335,0.9579207920792079,85,17,65,472,0.9404332129963899,14.10649819494585,0.8426258992805755,0.8660071942446043,0.8535825545171339,0.55078125,0.0397196261682243,0.44921875,0.9602803738317757,141,34,115,963,0.9415467625899281,14.123201438848922
top20/logistic_regression/v3_no_query/platt::retrieve_more_risk_control@suff_abstain15,top20/logistic_regression/v3_no_query/platt,answer_retrieve_more_abstain,v3_no_query,platt,retrieve_more_risk_control@suff_abstain15,20,0.15,0.25,56,0.8212996389891697,0.6913357400722022,0.8981723237597912,0.26,0.1485148514851485,0.74,0.8514851485148515,39,60,111,383,0.9404332129963899,14.10649819494585,0.810251798561151,0.7023381294964028,0.912932138284251,0.265625,0.16705607476635514,0.734375,0.8329439252336449,68,143,188,781,0.9415467625899281,14.123201438848922
top20/logistic_regression/v3_no_query/platt::retrieve_more_high_precision@cov50,top20/logistic_regression/v3_no_query/platt,answer_retrieve_more_abstain,v3_no_query,platt,retrieve_more_high_precision@cov50,20,0.15,0.15,56,0.7274368231046932,0.5324909747292419,0.9288135593220339,0.14,0.3217821782178218,0.86,0.6782178217821783,21,130,129,295,0.9404332129963899,14.10649819494585,0.6942446043165468,0.5323741007194245,0.9358108108108109,0.1484375,0.352803738317757,0.8515625,0.647196261682243,38,302,218,592,0.9415467625899281,14.123201438848922
top20/logistic_regression/v3_no_query/isotonic::retrieve_more_balanced,top20/logistic_regression/v3_no_query/isotonic,answer_retrieve_more_abstain,v3_no_query,isotonic,retrieve_more_balanced,20,0.1,0.35,56,0.8375451263537906,0.8050541516245487,0.852017937219731,0.44,0.0594059405940594,0.56,0.9405940594059405,66,24,84,446,0.9025270758122743,13.537906137184114,0.8435251798561151,0.8156474820143885,0.8743109151047409,0.44015444015444016,0.07033997655334115,0.5598455598455598,0.9296600234466589,114,60,145,907,0.8983812949640287,13.475719424460431
top20/logistic_regression/v3_no_query/isotonic::retrieve_more@cov85,top20/logistic_regression/v3_no_query/isotonic,answer_retrieve_more_abstain,v3_no_query,isotonic,retrieve_more@cov85,20,0.1,0.6,56,0.8014440433212996,0.8808664259927798,0.8012295081967213,0.6466666666666666,0.03217821782178218,0.35333333333333333,0.9678217821782178,97,13,53,488,0.9025270758122743,13.537906137184114,0.8363309352517986,0.887589928057554,0.839918946301925,0.61003861003861,0.02813599062133646,0.38996138996138996,0.9718640093786636,158,24,101,987,0.8983812949640287,13.475719424460431
top20/logistic_regression/v3_no_query/isotonic::retrieve_more_risk_control@suff_abstain15,top20/logistic_regression/v3_no_query/isotonic,answer_retrieve_more_abstain,v3_no_query,isotonic,retrieve_more_risk_control@suff_abstain15,20,0.1,0.3,56,0.8285198555956679,0.723826714801444,0.885286783042394,0.30666666666666664,0.12128712871287128,0.6933333333333334,0.8787128712871287,46,49,104,401,0.9025270758122743,13.537906137184114,0.8237410071942446,0.7347122302158273,0.9020807833537332,0.3088803088803089,0.13599062133645956,0.6911196911196911,0.8640093786635404,80,116,179,817,0.8983812949640287,13.475719424460431
top20/logistic_regression/v3_no_query/isotonic::retrieve_more_high_precision@cov50,top20/logistic_regression/v3_no_query/isotonic,answer_retrieve_more_abstain,v3_no_query,isotonic,retrieve_more_high_precision@cov50,20,0.1,0.2,56,0.7581227436823105,0.5812274368231047,0.9192546583850931,0.17333333333333334,0.26732673267326734,0.8266666666666667,0.7326732673267327,26,108,124,322,0.9025270758122743,13.537906137184114,0.7428057553956835,0.5998201438848921,0.9250374812593704,0.19305019305019305,0.27667057444314186,0.806949806949807,0.7233294255568582,50,236,209,667,0.8983812949640287,13.475719424460431
top20/logistic_regression/v3_all/identity::retrieve_more_balanced,top20/logistic_regression/v3_all/identity,answer_retrieve_more_abstain,v3_all,identity,retrieve_more_balanced,20,0.15,0.45,68,0.8303249097472925,0.8014440433212996,0.8490990990990991,0.44666666666666666,0.06683168316831684,0.5533333333333333,0.9331683168316832,67,27,83,444,0.8646209386281588,12.969314079422382,0.8462230215827338,0.8129496402877698,0.8761061946902655,0.42911877394636017,0.06933019976498238,0.5708812260536399,0.9306698002350177,112,59,149,904,0.8453237410071942,12.679856115107913
top20/logistic_regression/v3_all/identity::retrieve_more@cov85,top20/logistic_regression/v3_all/identity,answer_retrieve_more_abstain,v3_all,identity,retrieve_more@cov85,20,0.15,0.6,68,0.8231046931407943,0.8592057761732852,0.8214285714285714,0.5666666666666667,0.03217821782178218,0.43333333333333335,0.9678217821782178,85,13,65,476,0.8646209386281588,12.969314079422382,0.8390287769784173,0.8723021582733813,0.8463917525773196,0.5708812260536399,0.03525264394829612,0.42911877394636017,0.9647473560517039,149,30,112,970,0.8453237410071942,12.679856115107913
top20/logistic_regression/v3_all/identity::retrieve_more_risk_control@suff_abstain15,top20/logistic_regression/v3_all/identity,answer_retrieve_more_abstain,v3_all,identity,retrieve_more_risk_control@suff_abstain15,20,0.15,0.35,68,0.8303249097472925,0.7328519855595668,0.8817733990147784,0.32,0.11386138613861387,0.68,0.8861386138613861,48,46,102,406,0.8646209386281588,12.969314079422382,0.8300359712230215,0.7589928057553957,0.8921800947867299,0.3486590038314176,0.11515863689776733,0.6513409961685823,0.8848413631022327,91,98,170,844,0.8453237410071942,12.679856115107913
top20/logistic_regression/v3_all/identity::retrieve_more_high_precision@cov50,top20/logistic_regression/v3_all/identity,answer_retrieve_more_abstain,v3_all,identity,retrieve_more_high_precision@cov50,20,0.15,0.15,68,0.7454873646209387,0.5361010830324909,0.9427609427609428,0.11333333333333333,0.3069306930693069,0.8866666666666667,0.693069306930693,17,124,133,297,0.8646209386281588,12.969314079422382,0.7131294964028777,0.5485611510791367,0.9360655737704918,0.14942528735632185,0.3290246768507638,0.8505747126436781,0.6709753231492362,39,280,222,610,0.8453237410071942,12.679856115107913
top20/logistic_regression/v3_all/platt::retrieve_more_balanced,top20/logistic_regression/v3_all/platt,answer_retrieve_more_abstain,v3_all,platt,retrieve_more_balanced,20,0.15,0.4,68,0.8357400722021661,0.796028880866426,0.854875283446712,0.4266666666666667,0.06683168316831684,0.5733333333333334,0.9331683168316832,64,27,86,441,0.8862815884476535,13.294223826714802,0.8462230215827338,0.8048561151079137,0.88268156424581,0.41015625,0.07710280373831775,0.58984375,0.9228971962616822,105,66,151,895,0.8938848920863309,13.408273381294965
top20/logistic_regression/v3_all/platt::retrieve_more@cov85,top20/logistic_regression/v3_all/platt,answer_retrieve_more_abstain,v3_all,platt,retrieve_more@cov85,20,0.15,0.6,68,0.8212996389891697,0.8610108303249098,0.8197064989517819,0.5733333333333334,0.03217821782178218,0.4266666666666667,0.9678217821782178,86,13,64,477,0.8862815884476535,13.294223826714802,0.8408273381294964,0.875,0.8489208633093526,0.57421875,0.035046728971962614,0.42578125,0.9649532710280374,147,30,109,973,0.8938848920863309,13.408273381294965
top20/logistic_regression/v3_all/platt::retrieve_more_risk_control@suff_abstain15,top20/logistic_regression/v3_all/platt,answer_retrieve_more_abstain,v3_all,platt,retrieve_more_risk_control@suff_abstain15,20,0.15,0.3,68,0.8285198555956679,0.7274368231046932,0.8833746898263027,0.31333333333333335,0.1188118811881188,0.6866666666666666,0.8811881188118812,47,48,103,403,0.8862815884476535,13.294223826714802,0.8300359712230215,0.7526978417266187,0.8984468339307049,0.33203125,0.12149532710280374,0.66796875,0.8785046728971962,85,104,171,837,0.8938848920863309,13.408273381294965
top20/logistic_regression/v3_all/platt::retrieve_more_high_precision@cov50,top20/logistic_regression/v3_all/platt,answer_retrieve_more_abstain,v3_all,platt,retrieve_more_high_precision@cov50,20,0.15,0.15,68,0.7472924187725631,0.5415162454873647,0.94,0.12,0.30198019801980197,0.88,0.698019801980198,18,122,132,300,0.8862815884476535,13.294223826714802,0.7185251798561151,0.5494604316546763,0.9443535188216039,0.1328125,0.32593457943925236,0.8671875,0.6740654205607477,34,279,222,611,0.8938848920863309,13.408273381294965
top20/logistic_regression/v3_all/isotonic::retrieve_more_balanced,top20/logistic_regression/v3_all/isotonic,answer_retrieve_more_abstain,v3_all,isotonic,retrieve_more_balanced,20,0.1,0.3,68,0.8303249097472925,0.7581227436823105,0.8690476190476191,0.36666666666666664,0.09653465346534654,0.6333333333333333,0.9034653465346535,55,39,95,420,0.8664259927797834,12.99638989169675,0.8336330935251799,0.7841726618705036,0.8818807339449541,0.3946360153256705,0.0963572267920094,0.6053639846743295,0.9036427732079906,103,82,158,872,0.8516187050359713,12.774280575539569
top20/logistic_regression/v3_all/isotonic::retrieve_more@cov85,top20/logistic_regression/v3_all/isotonic,answer_retrieve_more_abstain,v3_all,isotonic,retrieve_more@cov85,20,0.1,0.65,68,0.8194945848375451,0.8628158844765343,0.8179916317991632,0.58,0.03217821782178218,0.42,0.9678217821782178,87,13,63,478,0.8664259927797834,12.99638989169675,0.8327338129496403,0.8803956834532374,0.839632277834525,0.6015325670498084,0.03407755581668625,0.39846743295019155,0.9659224441833137,157,29,104,979,0.8516187050359713,12.774280575539569
top20/logistic_regression/v3_all/isotonic::retrieve_more_risk_control@suff_abstain15,top20/logistic_regression/v3_all/isotonic,answer_retrieve_more_abstain,v3_all,isotonic,retrieve_more_risk_control@suff_abstain15,20,0.1,0.3,68,0.8303249097472925,0.7581227436823105,0.8690476190476191,0.36666666666666664,0.09653465346534654,0.6333333333333333,0.9034653465346535,55,39,95,420,0.8664259927797834,12.99638989169675,0.8336330935251799,0.7841726618705036,0.8818807339449541,0.3946360153256705,0.0963572267920094,0.6053639846743295,0.9036427732079906,103,82,158,872,0.8516187050359713,12.774280575539569
top20/logistic_regression/v3_all/isotonic::retrieve_more_high_precision@cov50,top20/logistic_regression/v3_all/isotonic,answer_retrieve_more_abstain,v3_all,isotonic,retrieve_more_high_precision@cov50,20,0.1,0.2,68,0.7490974729241877,0.5433212996389891,0.9401993355481728,0.12,0.2995049504950495,0.88,0.7004950495049505,18,121,132,301,0.8664259927797834,12.99638989169675,0.7185251798561151,0.5557553956834532,0.9352750809061489,0.1532567049808429,0.3207990599294947,0.8467432950191571,0.6792009400705052,40,273,221,618,0.8516187050359713,12.774280575539569
top20/logistic_regression/retrieval_quality_only/identity::retrieve_more_balanced,top20/logistic_regression/retrieval_quality_only/identity,answer_retrieve_more_abstain,retrieval_quality_only,identity,retrieve_more_balanced,20,0.05,0.5,30,0.8249097472924187,0.8285198555956679,0.8344226579520697,0.5066666666666667,0.05198019801980198,0.49333333333333335,0.948019801980198,76,21,74,459,0.9783393501805054,14.675090252707582,0.8282374100719424,0.8381294964028777,0.8572961373390557,0.5215686274509804,0.0676779463243874,0.47843137254901963,0.9323220536756126,133,58,122,932,0.9775179856115108,14.662769784172662
top20/logistic_regression/retrieval_quality_only/identity::retrieve_more@cov85,top20/logistic_regression/retrieval_quality_only/identity,answer_retrieve_more_abstain,retrieval_quality_only,identity,retrieve_more@cov85,20,0.05,0.55,30,0.8122743682310469,0.8700361010830325,0.8112033195020747,0.6066666666666667,0.03217821782178218,0.3933333333333333,0.9678217821782178,91,13,59,482,0.9783393501805054,14.675090252707582,0.829136690647482,0.8660071942446043,0.8463136033229491,0.5803921568627451,0.049008168028004666,0.4196078431372549,0.9509918319719953,148,42,107,963,0.9775179856115108,14.662769784172662
top20/logistic_regression/retrieval_quality_only/identity::retrieve_more_risk_control@suff_abstain15,top20/logistic_regression/retrieval_quality_only/identity,answer_retrieve_more_abstain,retrieval_quality_only,identity,retrieve_more_risk_control@suff_abstain15,20,0.05,0.35,30,0.8086642599277978,0.7328519855595668,0.8669950738916257,0.36,0.12871287128712872,0.64,0.8712871287128713,54,52,96,406,0.9783393501805054,14.675090252707582,0.8156474820143885,0.7392086330935251,0.8965936739659367,0.3333333333333333,0.14002333722287047,0.6666666666666666,0.8599766627771295,85,120,170,822,0.9775179856115108,14.662769784172662
top20/logistic_regression/retrieval_quality_only/identity::retrieve_more_high_precision@cov50,top20/logistic_regression/retrieval_quality_only/identity,answer_retrieve_more_abstain,retrieval_quality_only,identity,retrieve_more_high_precision@cov50,20,0.15,0.15,30,0.7003610108303249,0.5,0.924187725631769,0.13725490196078433,0.36159600997506236,0.8627450980392157,0.6384039900249376,21,145,132,277,0.8898916967509025,13.348375451263538,0.664568345323741,0.5044964028776978,0.9269162210338681,0.1576923076923077,0.38967136150234744,0.8423076923076923,0.6103286384976526,41,332,219,561,0.8974820143884892,13.462230215827338
top20/logistic_regression/retrieval_quality_only/platt::retrieve_more_balanced,top20/logistic_regression/retrieval_quality_only/platt,answer_retrieve_more_abstain,retrieval_quality_only,platt,retrieve_more_balanced,20,0.15,0.45,30,0.8249097472924187,0.8249097472924187,0.8358862144420132,0.5,0.054455445544554455,0.5,0.9455445544554455,75,22,75,457,0.9711191335740073,14.56678700361011,0.822841726618705,0.829136690647482,0.8579175704989154,0.5137254901960784,0.07701283547257877,0.48627450980392156,0.9229871645274212,131,66,124,922,0.9748201438848921,14.622302158273381
top20/logistic_regression/retrieval_quality_only/platt::retrieve_more@cov85,top20/logistic_regression/retrieval_quality_only/platt,answer_retrieve_more_abstain,retrieval_quality_only,platt,retrieve_more@cov85,20,0.15,0.5,30,0.8140794223826715,0.8610108303249098,0.8155136268343816,0.5866666666666667,0.03712871287128713,0.41333333333333333,0.9628712871287128,88,15,62,477,0.9711191335740073,14.56678700361011,0.8282374100719424,0.8597122302158273,0.8483263598326359,0.5686274509803921,0.05367561260210035,0.43137254901960786,0.9463243873978997,145,46,110,956,0.9748201438848921,14.622302158273381
top20/logistic_regression/retrieval_quality_only/platt::retrieve_more_risk_control@suff_abstain15,top20/logistic_regression/retrieval_quality_only/platt,answer_retrieve_more_abstain,retrieval_quality_only,platt,retrieve_more_risk_control@suff_abstain15,20,0.15,0.3,30,0.8068592057761733,0.7310469314079422,0.8666666666666667,0.36,0.1311881188118812,0.64,0.8688118811881188,54,53,96,405,0.9711191335740073,14.56678700361011,0.8165467625899281,0.72931654676259,0.9025893958076449,0.30980392156862746,0.14585764294049008,0.6901960784313725,0.8541423570595099,79,125,176,811,0.9748201438848921,14.622302158273381
top20/logistic_regression/retrieval_quality_only/platt::retrieve_more_high_precision@cov50,top20/logistic_regression/retrieval_quality_only/platt,answer_retrieve_more_abstain,retrieval_quality_only,platt,retrieve_more_high_precision@cov50,20,0.15,0.2,30,0.7581227436823105,0.592057761732852,0.9115853658536586,0.19333333333333333,0.2599009900990099,0.8066666666666666,0.7400990099009901,29,105,121,328,0.9711191335740073,14.56678700361011,0.7464028776978417,0.6034172661870504,0.9284649776453056,0.18823529411764706,0.27304550758459745,0.8117647058823529,0.7269544924154026,48,234,207,671,0.9748201438848921,14.622302158273381
top20/logistic_regression/retrieval_quality_only/isotonic::retrieve_more_balanced,top20/logistic_regression/retrieval_quality_only/isotonic,answer_retrieve_more_abstain,retrieval_quality_only,isotonic,retrieve_more_balanced,20,0.0,0.5,30,0.8140794223826715,0.871841155234657,0.8115942028985508,0.6066666666666667,0.0297029702970297,0.3933333333333333,0.9702970297029703,91,12,59,483,0.9494584837545126,14.24187725631769,0.8282374100719424,0.8678057553956835,0.844559585492228,0.5859375,0.04789719626168224,0.4140625,0.9521028037383178,150,41,106,965,0.9532374100719424,14.298561151079136
top20/logistic_regression/retrieval_quality_only/isotonic::retrieve_more@cov85,top20/logistic_regression/retrieval_quality_only/isotonic,answer_retrieve_more_abstain,retrieval_quality_only,isotonic,retrieve_more@cov85,20,0.0,0.45,30,0.8122743682310469,0.8664259927797834,0.8125,0.6,0.034653465346534656,0.4,0.9653465346534653,90,14,60,480,0.9494584837545126,14.24187725631769,0.8264388489208633,0.8606115107913669,0.8463949843260188,0.57421875,0.053738317757009345,0.42578125,0.9462616822429907,147,46,109,957,0.9532374100719424,14.298561151079136
top20/logistic_regression/retrieval_quality_only/isotonic::retrieve_more_risk_control@suff_abstain15,top20/logistic_regression/retrieval_quality_only/isotonic,answer_retrieve_more_abstain,retrieval_quality_only,isotonic,retrieve_more_risk_control@suff_abstain15,20,0.0,0.45,30,0.8122743682310469,0.8664259927797834,0.8125,0.6,0.034653465346534656,0.4,0.9653465346534653,90,14,60,480,0.9494584837545126,14.24187725631769,0.8264388489208633,0.8606115107913669,0.8463949843260188,0.57421875,0.053738317757009345,0.42578125,0.9462616822429907,147,46,109,957,0.9532374100719424,14.298561151079136
top20/logistic_regression/retrieval_quality_only/isotonic::retrieve_more_high_precision@cov50,top20/logistic_regression/retrieval_quality_only/isotonic,answer_retrieve_more_abstain,retrieval_quality_only,isotonic,retrieve_more_high_precision@cov50,20,0.0,0.2,30,0.779783393501805,0.6389891696750902,0.8983050847457628,0.24,0.21287128712871287,0.76,0.7871287128712872,36,86,114,354,0.9494584837545126,14.24187725631769,0.77068345323741,0.6483812949640287,0.9167822468793343,0.234375,0.22780373831775702,0.765625,0.772196261682243,60,195,196,721,0.9532374100719424,14.298561151079136
top20/logistic_regression/embedding_score_only/identity::retrieve_more_balanced,top20/logistic_regression/embedding_score_only/identity,answer_retrieve_more_abstain,embedding_score_only,identity,retrieve_more_balanced,20,0.1,0.4,5,0.8194945848375451,0.7725631768953068,0.8551401869158879,0.41333333333333333,0.09405940594059406,0.5866666666666667,0.905940594059406,62,38,88,428,0.9729241877256317,14.593862815884476,0.802158273381295,0.7868705035971223,0.8628571428571429,0.4669260700389105,0.11695906432748537,0.5330739299610895,0.8830409356725146,120,100,137,875,0.9676258992805755,14.514388489208633
top20/logistic_regression/embedding_score_only/identity::retrieve_more@cov85,top20/logistic_regression/embedding_score_only/identity,answer_retrieve_more_abstain,embedding_score_only,identity,retrieve_more@cov85,20,0.1,0.45,5,0.8032490974729242,0.871841155234657,0.8053830227743272,0.6266666666666667,0.03712871287128713,0.37333333333333335,0.9628712871287128,94,15,56,483,0.9729241877256317,14.593862815884476,0.8066546762589928,0.8938848920863309,0.8219315895372233,0.688715953307393,0.044444444444444446,0.311284046692607,0.9555555555555556,177,38,80,994,0.9676258992805755,14.514388489208633
top20/logistic_regression/embedding_score_only/identity::retrieve_more_risk_control@suff_abstain15,top20/logistic_regression/embedding_score_only/identity,answer_retrieve_more_abstain,embedding_score_only,identity,retrieve_more_risk_control@suff_abstain15,20,0.1,0.4,5,0.8194945848375451,0.7725631768953068,0.8551401869158879,0.41333333333333333,0.09405940594059406,0.5866666666666667,0.905940594059406,62,38,88,428,0.9729241877256317,14.593862815884476,0.802158273381295,0.7868705035971223,0.8628571428571429,0.4669260700389105,0.11695906432748537,0.5330739299610895,0.8830409356725146,120,100,137,875,0.9676258992805755,14.514388489208633
top20/logistic_regression/embedding_score_only/identity::retrieve_more_high_precision@cov50,top20/logistic_regression/embedding_score_only/identity,answer_retrieve_more_abstain,embedding_score_only,identity,retrieve_more_high_precision@cov50,20,0.1,0.25,5,0.7328519855595668,0.555956678700361,0.9155844155844156,0.17333333333333334,0.30198019801980197,0.8266666666666667,0.698019801980198,26,122,124,308,0.9729241877256317,14.593862815884476,0.7077338129496403,0.5701438848920863,0.917981072555205,0.20233463035019456,0.3192982456140351,0.7976653696498055,0.6807017543859649,52,273,205,634,0.9676258992805755,14.514388489208633
top20/logistic_regression/embedding_score_only/platt::retrieve_more_balanced,top20/logistic_regression/embedding_score_only/platt,answer_retrieve_more_abstain,embedding_score_only,platt,retrieve_more_balanced,20,0.15,0.4,5,0.8086642599277978,0.7833935018050542,0.8433179723502304,0.4533333333333333,0.09405940594059406,0.5466666666666666,0.905940594059406,68,38,82,434,0.98014440433213,14.70216606498195,0.8084532374100719,0.7985611510791367,0.8626126126126126,0.47843137254901963,0.10618436406067679,0.5215686274509804,0.8938156359393232,122,91,133,888,0.9865107913669064,14.797661870503596
top20/logistic_regression/embedding_score_only/platt::retrieve_more@cov85,top20/logistic_regression/embedding_score_only/platt,answer_retrieve_more_abstain,embedding_score_only,platt,retrieve_more@cov85,20,0.15,0.45,5,0.8050541516245487,0.855595667870036,0.8122362869198312,0.5933333333333334,0.04702970297029703,0.4066666666666667,0.9529702970297029,89,19,61,474,0.98014440433213,14.70216606498195,0.8093525179856115,0.8803956834532374,0.8294177732379979,0.6549019607843137,0.052508751458576426,0.34509803921568627,0.9474912485414235,167,45,88,979,0.9865107913669064,14.797661870503596
top20/logistic_regression/embedding_score_only/platt::retrieve_more_risk_control@suff_abstain15,top20/logistic_regression/embedding_score_only/platt,answer_retrieve_more_abstain,embedding_score_only,platt,retrieve_more_risk_control@suff_abstain15,20,0.15,0.4,5,0.8086642599277978,0.7833935018050542,0.8433179723502304,0.4533333333333333,0.09405940594059406,0.5466666666666666,0.905940594059406,68,38,82,434,0.98014440433213,14.70216606498195,0.8084532374100719,0.7985611510791367,0.8626126126126126,0.47843137254901963,0.10618436406067679,0.5215686274509804,0.8938156359393232,122,91,133,888,0.9865107913669064,14.797661870503596
top20/logistic_regression/embedding_score_only/platt::retrieve_more_high_precision@cov50,top20/logistic_regression/embedding_score_only/platt,answer_retrieve_more_abstain,embedding_score_only,platt,retrieve_more_high_precision@cov50,20,0.15,0.25,5,0.7436823104693141,0.5776173285198556,0.909375,0.19333333333333333,0.27970297029702973,0.8066666666666666,0.7202970297029703,29,113,121,320,0.98014440433213,14.70216606498195,0.7230215827338129,0.5944244604316546,0.9152798789712556,0.2196078431372549,0.294049008168028,0.7803921568627451,0.705950991831972,56,252,199,661,0.9865107913669064,14.797661870503596
top20/logistic_regression/embedding_score_only/isotonic::retrieve_more_balanced,top20/logistic_regression/embedding_score_only/isotonic,answer_retrieve_more_abstain,embedding_score_only,isotonic,retrieve_more_balanced,20,0.0,0.45,5,0.8086642599277978,0.8339350180505415,0.8225108225108225,0.5466666666666666,0.0594059405940594,0.4533333333333333,0.9405940594059405,82,24,68,462,0.9693140794223827,14.53971119133574,0.8048561151079137,0.8345323741007195,0.84375,0.5642023346303502,0.08421052631578947,0.4357976653696498,0.9157894736842105,145,72,112,928,0.9658273381294964,14.487410071942445
top20/logistic_regression/embedding_score_only/isotonic::retrieve_more@cov85,top20/logistic_regression/embedding_score_only/isotonic,answer_retrieve_more_abstain,embedding_score_only,isotonic,retrieve_more@cov85,20,0.0,0.55,5,0.7617328519855595,0.9602888086642599,0.7556390977443609,0.8666666666666667,0.0049504950495049506,0.13333333333333333,0.995049504950495,130,2,20,532,0.9693140794223827,14.53971119133574,0.8048561151079137,0.9532374100719424,0.8009433962264151,0.8210116731517509,0.007017543859649123,0.17898832684824903,0.9929824561403509,211,6,46,1060,0.9658273381294964,14.487410071942445
top20/logistic_regression/embedding_score_only/isotonic::retrieve_more_risk_control@suff_abstain15,top20/logistic_regression/embedding_score_only/isotonic,answer_retrieve_more_abstain,embedding_score_only,isotonic,retrieve_more_risk_control@suff_abstain15,20,0.0,0.45,5,0.8086642599277978,0.8339350180505415,0.8225108225108225,0.5466666666666666,0.0594059405940594,0.4533333333333333,0.9405940594059405,82,24,68,462,0.9693140794223827,14.53971119133574,0.8048561151079137,0.8345323741007195,0.84375,0.5642023346303502,0.08421052631578947,0.4357976653696498,0.9157894736842105,145,72,112,928,0.9658273381294964,14.487410071942445
top20/logistic_regression/embedding_score_only/isotonic::retrieve_more_high_precision@cov50,top20/logistic_regression/embedding_score_only/isotonic,answer_retrieve_more_abstain,embedding_score_only,isotonic,retrieve_more_high_precision@cov50,20,0.0,0.2,5,0.759927797833935,0.6335740072202166,0.886039886039886,0.26666666666666666,0.2301980198019802,0.7333333333333333,0.7698019801980198,40,93,110,351,0.9693140794223827,14.53971119133574,0.7616906474820144,0.6618705035971223,0.9008152173913043,0.2840466926070039,0.22456140350877193,0.7159533073929961,0.775438596491228,73,192,184,736,0.9658273381294964,14.487410071942445
