cache_key,text_key,text_type,occurrence_count,estimated_embedding_tokens,example_title,example_original_ids,splits
e121f97f2c36508a86ffa8742c593cb9424c8c5cc67dd300fbb4696efc073fe2,c82c916cc418b8fed607da5d6e80a51bfc706df0491ea9601cb98b1777fb7115,doc,217,101,Association football,5a7109e95542994082a3e4fa || 5a7133fa5542994082a3e660 || 5a721dfd55429971e9dc928b,test:28 || train:157 || valid:32
79f1217cc1ff9c02250cdb4a71261e92f98a299e819185a36774f7fb91d53971,7885ed5f849e880d7ff22bc4bd024b58accd2a0f30eeaf49dd28adeb0005d68c,doc,174,205,New York City,5a711ef85542994082a3e5ac || 5a7130365542994082a3e645 || 5a713f3c5542994082a3e6eb,test:26 || train:120 || valid:28
e5319f9473a85aad0ed0eb793f1030faeb69a0163071bee60aaadaa6ea9caf8c,68536a07b58da53b7ac9a607f01742f846c3362ae31a5c725f54900e1fd0212c,doc,147,103,Film director,5a710a915542994082a3e504 || 5a717d4c5542994082a3e854 || 5a73235c5542994cef4bc475,test:19 || train:107 || valid:21
0ce6872ebf5f1fe15c6f2bedcbc1604f2736f335f447db300537558fe834580c,396dd7c6123a1723f040eefa6198d52c4631786f3fc152b7825bc38e14e05b48,doc,129,130,England,5a7286865542991f9a20c4cb || 5a73b0975542992d56e7e387 || 5a74ce9655429974ef308c6c,test:16 || train:93 || valid:20
aa429525d6f0ed99f3ff1d39dc2c4bee7699bab6625c30cb049d50c73f7de154,8b167b748c8969d7d595a9ea06c0ae25dc8304bd60082a9dd63dc218770cb02f,doc,112,111,Australia,5a721d5a55429971e9dc9283 || 5a75227955429929fddd8508 || 5a7571835542992db9473669,test:15 || train:79 || valid:18
45bd06ea496f49ecf3767f8433b8376e311ee73bfa8a8f775078e3420de74ebc,c149e9eeb4b61d6bcb0d35934cf0fb7af7d63c328c4f744af2a731a6dfc79907,doc,112,143,World War II,5a72bb045542994cef4bc3e4 || 5a7323ef5542994cef4bc477 || 5a75f7db5542994ccc918670,test:22 || train:68 || valid:22
dc42678d3d6bf1930a589fcf379929b7785177c58fa3d5d45b04463a20eed2e3,4052ae0951ee29d5c88007b9b6144828c9266c86219577bc9d01af0b2a358de8,doc,109,75,Russian language,5a717d4c5542994082a3e854 || 5a7281075542994cef4bc2e9 || 5a7319bc5542992359bc3235,test:23 || train:72 || valid:14
a9ed576ff9125e1ae19db60495323682e1eb246e7e7e9bd014281f66a1af21d1,8e82e2549afcc4b0211b17fdc01a4a8d9082aced73950c4080fe802ea37ac745,doc,104,132,Actor,5a72b2dc5542992359bc3173 || 5a7326cd5542991f29ee2d11 || 5a73630655429901807db020,test:23 || train:65 || valid:16
9a10ffabac56c46e078baeb75a44129630eedded9e33ee9a4c38cafa796c31e0,e7f80667719a7936e92ea2139aa269ceadff4aad3f91564dbcc6b27ea1450236,doc,101,133,Comedy film,5a7149595542994082a3e76f || 5a7291c35542991f9a20c4f4 || 5a7327265542994cef4bc480,test:13 || train:69 || valid:19
577d70f9b2ad2aa3fa85613f82c8ce410133e04159a648abf98b214b794794d3,cf5437f24265630322021dba15af4377efa1de78bf7dac8d4796be8df184eeef,doc,98,150,Germany,5a71278c5542994082a3e5e2 || 5a71419f5542994082a3e70d || 5a717d4c5542994082a3e854,test:11 || train:69 || valid:18
c2c310e1563fed9c35bde0fd15fda2ebc8fcdb29b9d43285b059cad643957ec4,ea657623ef33fd166a2ab1cb72291b41d67b54b357babbee44894732be1a61e0,doc,96,153,China,5a7133fa5542994082a3e660 || 5a730abe5542994cef4bc42f || 5a739d8755429978a71e9048,test:15 || train:67 || valid:14
96b60d346bbc4a24e442336e1656f8cb787453417fbe34ced504e249bec0e0ee,f14029ab4629794e2150702e70774e7e3434f2e1cbb5c131d9aff5299cdf88bc,doc,95,149,California,5a72125055429971e9dc9241 || 5a73977d554299623ed4ac08 || 5a74c2bd5542996c70cfadda,test:15 || train:65 || valid:15
8ebf40381557d1fdbd52bf9334bcd25053cdc7e2ee79acac5b9b97ec3fe3f701,007e7d30b6a2f4a7b44ea8de25f7a8d4d6d22b3967ba76c8a00e97230ee57c9b,doc,93,220,American football,5a7320565542991f9a20c61d || 5a73bddb55429978a71e909d || 5a74547755429979e2882900,test:8 || train:68 || valid:17
aac3ca1a2086dc271872e4a5b51377f2b6f56e89e37c90a0e307e709f9935ce0,01335226e928b632950662e4d5c429cec961bad7003f2e515f6b310693e214c4,doc,87,112,Italy,5a7299465542992359bc3131 || 5a72bd0b5542992359bc318f || 5a7322a25542991f9a20c634,test:9 || train:68 || valid:10
7feb85ec539cdb44bc51f9c249438d19ea125d778ed1b31919691023d7ed796e,96a7b9fee542c3d7834ddc288bd5ca03a61700d94a45042f9c27c2bbe9c90936,doc,83,50,Screenwriter,5a74701655429979e2882952 || 5a7643675542994ccc918747 || 5a7652785542992db9473760,test:12 || train:59 || valid:12
57edfc2335e4a1f3ce5ddcf2f8dda23e8846c483d6c161bf503f9c1e0c8e606f,350f503c3ca1ed4787e6f875853b3c285589eb9f1ccb0008c9f4e06b12124b43,doc,82,119,Documentary film,5a724dc25542990c210a40df || 5a7622d75542994ccc9186f1 || 5a76404b5542994ccc91873d,test:12 || train:65 || valid:5
d13c5abef931f6526d52c03ce8b1cdfaea336d1a52e294dfbe551ebd1d2fa452,1ed8135dbf84aab6ec9258d4b8228004dade4f11a9f8c86373a5a4b2ac8ccd29,doc,81,190,France,5a74872655429979e2882978 || 5a75092b55429916b0164242 || 5a750de95542993748c897ac,test:7 || train:63 || valid:11
340df1b73a49f8bbe49765a91a070b81b7d209625e53e0198ca09986b6a62110,4676670ef6b5444d99965c6aad33037e936cf5b992c149869bdf1066e469e644,doc,80,71,Genus,5a727a635542994cef4bc2c9 || 5a82a1ae55429954d2e2eb89 || 5a836ce55542993344746012,test:10 || train:54 || valid:16
7e4e22cd158ea286ffd92003550b78193e1d0287ba680abe3d3e655f9d97f026,047d87fc35d802130732a7315d57a2a2b1bf17b23816b5bb063bdb3e2e43974f,doc,79,82,New York (state),5a71380c5542994082a3e68b || 5a758f775542992db9473682 || 5a75eca555429976ec32bca8,test:11 || train:54 || valid:14
5a1e34ac9a561c4de11f27ede9b6364fe393c488ef6fb15d38ac12a520da4f6c,dd09b45896e8bbcea885d85a61066f2940423989a877149ef42fa668145c1498,doc,75,20,London,5a7270395542992359bc30a8 || 5a7299465542992359bc3131 || 5a74ce9655429974ef308c6c,test:15 || train:46 || valid:14
ef907affba87d155cdca8462275ebdacc8c6dbb63bae72524d312afb126fcbb9,f762072193839bd3bffe5335acf9966799cc2604b08695ee1c0c9ecf439bb983,doc,73,104,Basketball,5a724a2b5542990c210a40bc || 5a7302b75542991f9a20c5fd || 5a739d8755429978a71e9048,test:13 || train:49 || valid:11
7f51c84fffbeef58c0a96d8712ea2a971267ece071976600683a62e000ba170e,9257fea1feee8023b7b8a6ea25a797ad8c981b8ad853ea34ee2bd29502d9a9b0,doc,65,136,NBC,5a728f505542992359bc30f5 || 5a72a9ac5542991f9a20c55f || 5a75f1a755429976ec32bcb1,test:17 || train:41 || valid:7
647a584e354dce8e8baa4fa87491440491edf2f360d64e2cfa9cf36d387fdfac,b8cc56ee67e55dec5337c98d209d63859137884060560acf3a572a4038c7400d,doc,65,177,National Football League,5a7320565542991f9a20c61d || 5a758ba75542992db9473677 || 5a764c0b55429976ec32bd89,test:5 || train:49 || valid:11
a5a9e0a7278a498e5cdd2e4d9a8ded00b0bebe55eaecf97e79a99d70cafff5fe,8c8b644d178ebf95f516290626edaacd717d5dc24cc047972e0e373f9373755f,doc,62,142,Opera,5a70f4c45542994082a3e437 || 5a716dc15542994082a3e82b || 5a734db15542994cef4bc523,test:8 || train:51 || valid:3
37b1e72a1caf8d019eb62e63e51d41518fd4b65a1ca9c5b4eb173c5619f04800,fedfe3e6120341040b4dd9a34c363a78fdccd3013d953de30141c0fea89e66da,doc,62,123,South Korea,5a7354e35542994cef4bc55b || 5a737d3c55429908901be2c8 || 5a758ce05542992db947367c,test:11 || train:41 || valid:10
e4556cd7721e21a58936d88903ac6f704b8c74c1d90eb55af723875605ea0c3d,15f7c59168d20341f5c216e00be96041a732beee7c5e4c4e8740d494b5ecbc85,doc,61,146,National Basketball Association,5a7618d85542994ccc9186cf || 5a762d53554299109176e6a7 || 5a764c0b55429976ec32bd89,test:15 || train:39 || valid:7
319eb6578e7bcd3b7c3a496abecc2e28e28a18fdb8279f992e297154613d3e09,2840054c69cc1fbabb23b0e743918e660898331cf404b2073a0bf9eacb131005,doc,61,142,Flowering plant,5a77d65055429949eeb29f7b || 5a836ce55542993344746012 || 5a85f2f55542997b5ce40036,test:6 || train:44 || valid:11
3079ed93ea0164bfcb858c9a7c6ff0cf052f6ccc32e802562484f944d0752664,36690f9b04fec4bae4e57d5168124e7a47df3366b0c52daf573cb4374980111a,doc,60,210,Los Angeles,5a7130365542994082a3e645 || 5a72125055429971e9dc9241 || 5a73977d554299623ed4ac08,test:8 || train:46 || valid:6
3044fcea3b7e5934ebefa92d70df63e119d1afe87ee80b64dc7c0b727d59f720,85b8c7c3ccdf590d7637404c632c70a11576894be629019964f75a98dc68bf68,doc,60,67,College football,5a73bddb55429978a71e909d || 5a73cf5e55429978a71e909f || 5a770bb855429937353601b5,test:6 || train:45 || valid:9
5503b65b24c3582d11bb7ff179201d9c7d70381a948ea021a6cbb0b57904861a,108141ee592e97abc0fa5cba11fb6d9b2fdc53f7a2f75445a86368d45383bea3,doc,59,102,Film producer,5a71095e5542994082a3e4f3 || 5a74f3f55542993748c8974b || 5a7744e45542993569682d37,test:8 || train:44 || valid:7
1f06a9876fa5fea5186039ec200452d4b8cac6fb36114be8af7fb1b4ac6b55dd,6dfc079b195c5c9e7dd323dfa6f048beb531c178e04e7f4bb6f40932ffbbe097,doc,56,124,Mexico,5a7115475542994082a3e56d || 5a74670855429929fddd840d || 5a74ae6a55429916b01641c9,test:6 || train:43 || valid:7
ad475ee8d1ca33eb5c173f59345b350fc529c006c8014a2c4d30bf6defdeeff1,7169329d23f945b641726e482ddb90441a0415021c5f72c31da103bc47e8db1c,doc,55,220,Soviet Union,5a712fca5542994082a3e641 || 5a717d4c5542994082a3e854 || 5a73266d5542994cef4bc47d,test:10 || train:40 || valid:5
15ca962e0d8a1bfc6a57f9ea0c30dc84bae3bc9e520961254370a9b879808601,7f58775028d533fb2c311bb95bb522fa67adb2b2f3eb6c2c21e409a168530a37,doc,55,63,Country music,5a72334755429971e9dc934c || 5a73984355429908901be307 || 5a76538d5542992db9473764,test:5 || train:36 || valid:14
869f71b2adadcbb71a5d14e595122fcf426f29419711407f98cc5ba99d07d0cb,8df7b152ab04f4a30235d196595c880ed7c4647896c956665c8f9171ebbaf8e9,doc,55,75,Japan,5a7280925542991f9a20c4a1 || 5a7507455542993748c8979d || 5a7553a95542996c70cfaedf,test:6 || train:43 || valid:6
916582b3984dd3fe696bce0ec82883087e7919eed452e0616bfec3e933ec4759,d91bb98d4ce76f3ec7809e076ea97b46a4eed5878892b475f5687c3d46371f77,doc,55,130,Tennis,5a712fca5542994082a3e641 || 5a7269fa5542992359bc308d || 5a7363465542991f29ee2dd5,test:16 || train:31 || valid:8
859a22d4997f157f146d2b77938086e94edbf7f11dd7b8cf6ff80332dc6af218,d87f7fb75af31da7a97a8d3bc60027408344b0ecd4112570fb69e6ddad2aa5c9,doc,53,127,Composer,5a7148005542994082a3e759 || 5a74760b55429974ef308c03 || 5a74ae6a55429916b01641c9,test:11 || train:39 || valid:3
9749ff68f52a3b440210d990394e3a67b99fad0868af5ca97fb94ea76da27195,3792d690ee046ecf780570c0c36753ab208328b897c208a6bf161862fc4061f9,doc,52,130,Species,5a727a635542994cef4bc2c9 || 5a836ce55542993344746012 || 5a8563c05542997b5ce3fff4,test:7 || train:32 || valid:13
061f60f57f80cc1c5dc6d3b1a98728185d6602aa0c3f33bb3aeeb9f423237a0e,b1c92832f76f0f313ee1ea75a1318db55b87e83e46a8cd9604f12cd5d5abe6b6,doc,51,125,2010 United States Census,5a71148b5542994082a3e567 || 5a7243915542990c210a4086 || 5a75eca555429976ec32bca8,test:13 || train:33 || valid:5
ad97679393e86bd1d44398aa406c44c1d9c6ddb6419c4dfb776c93bf626338b9,5daa2e741153946ca314cf3f72505f2b52ceb9a8e06ddc4ed52271bda1bc91ba,doc,50,146,Russia,5a7281075542994cef4bc2e9 || 5a7319bc5542992359bc3235 || 5a735c3a55429901807daff7,test:10 || train:34 || valid:6
c10da5b1faa4c027830bb6a0388ea6779c72089698ec58537a39928ac1386d4a,bec4fd05581eaab4f5b6f4d2f47880b7588fdb95b5b471845b37e83df0c9a881,doc,50,138,Science fiction,5a719bf25542994082a3e891 || 5a7542425542996c70cfaecc || 5a77519c55429972597f14fa,test:8 || train:34 || valid:8
c34b5c4d234c07509d2e62c4688105265ae77d8857a776e90db4a42f19ea3a49,ec189578b3a68b301ce1ed30daa7d10035ea3b592d03a28bd2ba9d1a5b8e17fa,doc,50,110,Scotland,5a7148005542994082a3e759 || 5a72125055429971e9dc9241 || 5a7a0e1e5542990783324e1a,test:11 || train:33 || valid:6
c308b8ff664ccbcfe91abf61311a4f976d1df34b9eab618b3799a8b3ee092d19,6f4829fe4afc15c4076241f2aa113a82138cfa2e60b674b1a5657323f8f4bb01,doc,49,171,Argentina,5a7312675542994cef4bc43d || 5a752fb75542993748c897df || 5a7760165542993569682d74,test:9 || train:32 || valid:8
e70ea4bf9e4cce5be588e3faab89d8274cdd1589daaa020b5280086ab83802ca,04676b1540b66713447894807551908910fe7fe50f1c9b26d137d02cb226cb12,doc,48,129,Fox Broadcasting Company,5a75a0725542992d0ec05fc9 || 5a7750a155429966f1a36cef || 5a7b895c5542997c3ec97206,test:10 || train:35 || valid:3
b062d7b3063b472ddeb9f0d12bcf860b4116d8fcdf8dab43d37966e8140832f9,74f28696f95666a42e3e77604047b5606d7fba608276eba7c1235b29d6543bda,doc,48,51,Billboard Hot 100,5a722b8655429971e9dc9329 || 5a753c8c55429916b01642ab || 5a7758895542994aec3b729c,test:6 || train:30 || valid:12
4135a6571799ad96f3003a0ae83045c06977a3564ab9af180b054ef573b0622c,8f833f2048d20533bd9e7d453d984504a0995db4d529b35dea0f23bae15c75e3,doc,48,103,American Broadcasting Company,5a72a9ac5542991f9a20c55f || 5a73250a5542991f9a20c643 || 5a7326cd5542991f29ee2d11,test:9 || train:33 || valid:6
683c1a3d9dba2b894ef8579490faafe511ed9d9e0ccd45e77b9a8214e93e7528,adbc488142c79a37469c6d448eeee712dd606416898d5bb0ef7960b64ec990c1,doc,48,120,Album,5a7652785542992db9473760 || 5a7a2be25542996a35c17118 || 5a7b2c9155429927d897bf51,test:7 || train:31 || valid:10
d4020fb12bd4c590c7653ca4a7ba2038a68c980821f73309b0ce4ddab819dcc9,deb8ffec5b293eec5763aadde8fdfd534c10a6c3359fa9b3fae7565fcaca7ee7,doc,48,175,Europe,5a70f4c45542994082a3e437 || 5a7345185542992359bc32cb || 5a739b1955429978a71e9044,test:8 || train:33 || valid:7
ada3566231cd006ecca7d5cbaf263be9cb3d1a6821b38c3e6fa0e78b99045b59,18ebb1c17c37d94b180c595078e83d20e4e311b61afa7ab149818dad9630629b,doc,47,46,Film,5a727a635542994cef4bc2c9 || 5a7280925542991f9a20c4a1 || 5a73cad5554299623ed4ac5e,test:4 || train:31 || valid:12
e81ea7d8a949e0fe3145e8a231e66db810a91d093bc646d877d7e794754e0201,3510f6f17f75d04b1bda217eab1cd33e9f7b3fa36ed30a239d29b272b25d99b3,doc,47,97,Horror film,5a72bb045542994cef4bc3e4 || 5a749af055429979e28829b7 || 5a78eea555429970f5fffddf,test:3 || train:36 || valid:8
b6179d801476eb6f54d9c2b53c921ae55c956a80b999ba42761b506f14ee5a96,8484a484e3bf295054af9d422adf0f16d5eb3374045be75262cbc38625861265,doc,47,150,Compilation album,5a72908f5542994cef4bc33b || 5a747a3755429974ef308c09 || 5a7797175542992a6e59df10,test:6 || train:35 || valid:6
c8627ee44ce03799e7bbc2c9742ee30dd9c97f5f91f360a38968249402a99abe,3e2d1d8cd57f1400b204aaff8a1a683a990a7e3a1828f04f974b34dac93430e6,doc,46,220,Nevada,5a72a51355429901807daf21 || 5a72c6565542992359bc31a7 || 5a72f45a5542992359bc31e6,test:4 || train:33 || valid:9
004b193ee29bbbd80d032c5266c899003cd3a8acf9e8b501fb2f2851dc7b1255,477540f4fa0e332dc6fdcbbd634e970283a662843652952ad2b429f6e1ccef49,doc,46,80,Democratic Party (United States),5a7b63eb55429931da12ca7e || 5a7c784055429907fabeef98 || 5a7cc9db55429907fabef036,test:5 || train:36 || valid:5
eb6edc2b51dd13776566619a7a6a85aa91ebbc94445e22835af7eeb23b4d7ea5,4dd404b34c0153e4f3dc7b8ef674306bcd554291ac94c8e50ccadd1a6f9ba70c,doc,46,116,Republican Party (United States),5a716dc15542994082a3e82b || 5a75e814554299109176e5c7 || 5a77846f5542995d83181187,test:11 || train:30 || valid:5
97e24fa1532ce9004c924f52a155c47ceb7c906a0d1e9d9e4733634da07f2cc7,31e16f02a31b8b47d5f3a62d66adee887b3930bd674289b00cefb12d44706629,doc,45,97,Heavy metal music,5a74701655429979e2882952 || 5a78c69e55429974737f787c || 5a78f753554299078472776e,test:7 || train:32 || valid:6
b58563ef6b6c9c1ad588a8a10f758d052f4a521029bdcf31d08c38ef1509d4d2,2ca0de46acf06f0af58412635bb63d722ca7f33ee3c0ff42768b5665047724c7,doc,44,134,Billboard (magazine),5a72334755429971e9dc934c || 5a7768cb5542993569682d88 || 5a7a4ca955429941d65f25a3,test:5 || train:30 || valid:9
d9fdafb3e815cd3c0bdb7d53c70bf423d78b0045579a3645f88d076c98608828,60ad1cdd0bb0dc1905a7b0116c9dbac2e40648518515679c4b3e2ccf210cc0b9,doc,44,104,Sitcom,5a75a0725542992d0ec05fc9 || 5a7dab795542990b8f503a22 || 5a81a2e25542990a1d231e32,test:11 || train:31 || valid:2
49e6eec645248fe25892ce8c492cc55d443cf10cbbe2fb6633bbf5275f87ff41,c735b147dc30de7833a05347e6ba79f1c60ec3a64476ba92f58b3626e0759bc4,doc,44,58,Location identifier,5a83f07455429933447460be || 5a87c0945542996e4f30890b || 5a87ef2f55429938390d3eb9,test:15 || train:28 || valid:1
7e938dfeaf449e889b08599d568ae5a9f196798deb671831522b4d659df277c2,dc42d1cf44ddaeb8196dc0989e0de10a3b52b3bff6c515cde37d3519e3c4e220,doc,44,54,Canadians,5a7140585542994082a3e6fa || 5a72f0e25542991f9a20c5cf || 5a7560585542992d0ec05f76,test:3 || train:33 || valid:8
233c309dc5e321edcbfefde3f8cecb2f19ef9a9f85fb5e7fccac62102d4751ea,7b31ffa6873699a837c8ea04d555737e74d47da488d2f289dfe7d536caa07015,doc,43,103,Video game,5a7180205542994082a3e856 || 5a7280105542994cef4bc2e4 || 5a7613c15542994ccc9186bf,test:5 || train:35 || valid:3
a38feb04a303e92c7d74fd0e0890ec553e79ea81bcbe584a8be2ddf0bf92f085,0efea5310eb9f1a771328ca1b3679512a20f07491dbe3022fb7c5e92ea303050,doc,42,73,Libretto,5a7385c45542992d56e7e359 || 5a74bc1555429929fddd84dd || 5a7730f255429972597f148c,test:7 || train:32 || valid:3
4ad56cdf091e17a9d70964dd7d05a8812f0858610ec7a35a3eee6eb333f04e48,540436d6fd69ab1d8c143d298e2847aacabb45d0571074175a316f5760c2da9c,doc,42,78,Television,5a7180205542994082a3e856 || 5a72a9ac5542991f9a20c55f || 5a79c2955542994f819ef097,test:9 || train:23 || valid:10
aa706779b7ce278da16a0a85f8ce9b62bb19652f5f736f892d7cccf3d1df1b77,6a872c956b30223876b53803483cad4b09a244caa0dfb20c4a0d40fa7bd8d9fa,doc,42,94,Family (biology),5a82a1ae55429954d2e2eb89 || 5a8637415542994775f60724 || 5a884adb5542996e4f308938,test:7 || train:29 || valid:6
05abc72993dbc2340099fdaec205c86bd04a1504b8c3350b35eb7088b3b1899e,dec1f125641a29d7efbfe9b1a2501d600c1d14559b6c902973d19f8170e01773,doc,42,215,Action film,5a7172105542994082a3e837 || 5a73b2fd55429978a71e907f || 5a74bc1555429929fddd84dd,test:3 || train:31 || valid:8
1e83e45681c80a810145246494d0a1b5572666d406425a021dd36340fc0cd2f9,1a9e7e28c0daace30d77fe1794fda6afe606a94e343e0fc7ae85887ad7b47104,doc,41,76,Federal Aviation Administration,5a83f07455429933447460be || 5a87c0945542996e4f30890b || 5a87ef2f55429938390d3eb9,test:12 || train:28 || valid:1
3520cdfcb6f1133aff80ac432b407805a61c01cd9e0c9aa9d78c82b33a9afa9f,6c1aeca45c9bfb36c3105d5d1f3434ffc493e15f963623b9e80e8fd71742c577,doc,41,124,Chicago,5a7a6ee75542996c55b2ddac || 5a7ba83f5542995eb53be981 || 5a7ca4485542990527d554f1,test:8 || train:27 || valid:6
fc1b8e14abbaf5e3378a777a1bc158a24816dd7f69650f1bbc22215b496ac966,a3cb11d8127589e4c21295b88d7201e9c9801ace5f687d6da085306b98a97b3a,doc,41,169,Denmark,5a70f9335542994082a3e46a || 5a773ec45542994aec3b7245 || 5a78ce5d55429974737f78ac,test:6 || train:27 || valid:8
98db260872b8dd0f2218f11b6f569c679756176fbad2fd14f936238a19e96e29,457f688803eeba7da18362b313121f4711784e110fb41d4e1319af67eeff624d,doc,40,137,Manhattan,5a711ef85542994082a3e5ac || 5a7322a25542991f9a20c634 || 5a7716ee55429937353601cc,test:5 || train:28 || valid:7
d7eea7f778b7e7c24192012fa397afaffed5120a1ec4ec0b895f72c2e7d12d08,551ff3cbd136cb1abf59c974aa5758b7168535f6230272f7bd0e88c4b1671132,doc,40,42,Order of the British Empire,5a734a205542992359bc32e2 || 5a79c1335542994bb9457066 || 5a7e02b75542997cc2c474f3,test:2 || train:32 || valid:6
33f904fa003e9e19816a3c3af6eb28b9a3d2a0d5ae41647d27469ea5cca21aa0,a50657cc4e3635b21b02de84520010a6dd4d366dcadcdd92e8e635ba35265867,doc,40,38,Switzerland,5a7455eb55429979e2882908 || 5a78cc7c55429974737f789f || 5a7a6ee75542996c55b2ddac,test:6 || train:29 || valid:5
c6a64b7aa566e239480629d7a89b86182e12469c0b1510def992ed4e2a29aae9,261d977ca25fe841431656fe02412fb45ecb609d9555222e4fa4a4bbe301a420,doc,39,154,Major League Baseball,5a732aaa5542992359bc325a || 5a764c0b55429976ec32bd89 || 5a79186f55429907847277af,test:5 || train:26 || valid:8
af1cdc8f3a2bf61a58498c78d9cdd4ec26ab1d02549ae9ce8e3b828dd070b551,59b8b7e5679411cf7cfb35620f9352c2c0d58138622a3b468e22d4ba514ebb1e,doc,39,155,Norway,5a70f6425542994082a3e44c || 5a7145d55542994082a3e73c || 5a7662745542992db9473786,test:3 || train:34 || valid:2
96c857a4dd8d5587eb3aeefbf80b95570f4ee5e5074010edc663a407aab21aac,a7efff49e581f598d49a0e80ae7300b17f523e460f39a16a604bd5ec5444c373,doc,39,130,Midfielder,5a758f775542992db9473682 || 5a7bacf35542997c3ec9724b || 5a7d07a455429907fabef0ae,test:7 || train:26 || valid:6
9876830db56d50666866c86604ccd844bb613b767a952800add7935343919452,0502bdf2a5fa7a4b3583ee1aeff58feb05395959e86ffe987e3a60e99a2f3320,doc,38,168,Austria,5a7455eb55429979e2882908 || 5a74f3f55542993748c8974b || 5a7643675542994ccc918747,test:3 || train:27 || valid:8
98e5bbacd1133993def30b56a115ae067476cc747bd962e27140a47a685a2ff8,455ed649a4baed1f14142808bce389b5a92053cb6c1931166c7aeba0b32c7730,doc,38,184,Netherlands,5a7183575542994082a3e85e || 5a7299465542992359bc3131 || 5a75d45f5542994ccc918630,test:5 || train:25 || valid:8
6b1be335e93443f90d030798e6c7078b82b2fcbb3830d8c72a74920a6f4df0cd,6982546af45e71db67354d2f619b9e307ffbaa97a88257b2ba3a0d10b7f0d7e7,doc,38,104,Texas,5a7634f155429976ec32bd6b || 5a764c0b55429976ec32bd89 || 5a79a26d554299029c4b5f63,test:8 || train:23 || valid:7
85e86bad019f42f2ece68ae05a4d83fcb72e3115abdca26803ff5fea71154a62,6a5a57c4640d33b4d78892079944b2defd218d0cb275ad750f834cddf1f7bfc0,doc,38,82,HBO,5a72f45a5542992359bc31e6 || 5a7320565542991f9a20c61d || 5a738fe855429908901be2fb,test:5 || train:28 || valid:5
9744c2f195759052fadb73d9f964b9bad5122879ca7ca80fefff7665453ed4d5,ea541c5a62e1c776e2e0efc3140945cab0a15ef2ecf63b874af3ac7fc6f678dc,doc,38,162,UK Singles Chart,5a722b8655429971e9dc9329 || 5a78cc7c55429974737f789f || 5a793d335542994bb9456fca,test:2 || train:28 || valid:8
e0793b920f0e3037356fb78a6ab613f87259744f212a831b1d482d348559d9d7,cf352df3e7f61d193523b31853e703b3c1260dab137952872b0f6796366a048f,doc,37,151,New Jersey,5a734e6d5542994cef4bc528 || 5a769b0d5542993569682c50 || 5a76fe7b5542994aec3b71b2,test:7 || train:26 || valid:4
04c1f3c5f1f8dd287352f03de48e57dbedbf1ebc1e8509c6845435602d6fcadc,dbfe3f5a6ec1c0ae52b58f83ea8d226444af1ca5c5c398ab827a8afa34cc410c,doc,37,33,Adventure film,5a752fb75542993748c897df || 5a79d8ec5542996c55b2dc7e || 5a7a4f335542990198eaf11e,test:2 || train:30 || valid:5
b9a31ba5f18c510243e14681c7e178f8821474d0295c3cdf131ff9e653ccce30,2300b1851530fa543c9aec2e469786abf2136422e49f8258307573c9f48273c7,doc,36,59,Spanish language,5a7100435542994082a3e4a3 || 5a72c9e85542991f9a20c595 || 5a735e9155429901807db00d,test:4 || train:27 || valid:5
d16c5b61eb31ab39f2afb8110a1fffad562375f3792c57cece7642dec6f2ae37,61cc5b09aa7e2b16ad4f8b6a675855e6f3ab7facf664c42b36c0ed197c5df716,doc,36,107,Ice hockey,5a790d9855429974737f7954 || 5a7ce100554299683c1c63b5 || 5a824e0b554299676cceb254,test:5 || train:26 || valid:5
5a60a065d59bff741411086869f5869d8eef88e8dc292e7002ee485a55dcd1c2,dd663efb67415c41875531b26cefa28cadc2ceaed3c68f71006b8e9bdb773ea3,doc,36,202,Spain,5a713ea95542994082a3e6e4 || 5a77309d55429972597f1487 || 5a7759fc5542993569682d60,test:3 || train:22 || valid:11
66d53c1fa4fd7e828d2c9a87f4e40f551fff4d1707ac575ba6a5521e953b90b8,1efbd00aa75746ca1d824d81fd03829dc083bc6d678a8c27e2470c64147468bd,doc,35,67,President of the United States,5a7252db5542990c210a4104 || 5a72a6d855429901807daf27 || 5a74d4f355429974ef308c79,test:6 || train:28 || valid:1
494bcdbe05eb4d6168bd41c1b34b46607d23ea422c89bbf3e4a190562db08829,90dd1165597566d5f5118266dbf44a92e0f531014dbfe951f1665f31e10941d9,doc,35,124,Punk rock,5a76394c5542994ccc918725 || 5a77d4eb55429949eeb29f74 || 5a7982435542994bb945701f,test:4 || train:26 || valid:5
ae825fa0d98d51abaa13113fcbc065ce83765902d6837c11b51fb711cbc436d7,25859effdb56328d7fd0c84a7230765fe752a957c9555dfe4c80a4fd5cac0d89,doc,34,39,"Washington, D.C.",5a711ef85542994082a3e5ac || 5a721d5a55429971e9dc9283 || 5a74b4e555429929fddd84c2,test:1 || train:29 || valid:4
aa0e3b41604f8a3e83993d7d29d7538a45a72e666ce12082730a091180dba3d0,2febe4e0377f6b0e9b66e1717ea2ca09bcda8a6743dd4a8c8eb8fcacf740dcef,doc,34,25,Singer-songwriter,5a71674f5542994082a3e819 || 5a72bd0b5542992359bc318f || 5a7768cb5542993569682d88,test:6 || train:22 || valid:6
ea11e6a34e44b237f4d1217f6bb1473c80f71cdde3e0db87a7afbd13fa97fdc3,6e91a34c4ddb2a778cf9e570a06d9f0d145742c8ce4bcbca135351ef6bf4f6b1,doc,34,214,South Africa,5a711cb45542994082a3e59f || 5a72a51355429901807daf21 || 5a8327fd5542990548d0b1a3,test:10 || train:20 || valid:4
8ad668c01d2516f9969fd34f2d2e1e4d205c5bc7bbe51799c4c9fda9e9a443fe,c1bbdd0f68b4ded6b70fa0323046f97c1116426d1f29ddce8170c8198857eb9c,doc,34,89,The Simpsons,5a7b895c5542997c3ec97206 || 5a7cde68554299683c1c63ac || 5a7fd7305542992e7d278dc2,test:7 || train:25 || valid:2
25d013bd299c1ca0a73aa0dd214db341484f455c671d24d6e4c4c3b28243baf1,dc9603b6f2f3a43c1fbb6571c74f3c6c15a3f21d5cde939e2077a7ca0488d6c0,doc,34,205,Hip hop music,5a79178d554299029c4b5ef9 || 5a79cd665542994bb94570bf || 5a7a103b5542990783324e27,test:6 || train:22 || valid:6
0e6d8c5074195fcc1f6acdeb6b0f311fa8c9099edb3fa7806325b09a77c786f0,ea9497cc73c05ca83d8cf07a591d1eb85e5856c7bd080c6a35da46d9bc908713,doc,34,99,Pennsylvania,5a739b1955429978a71e9044 || 5a73b2cb55429908901be31a || 5a74c1c05542996c70cfadd8,test:2 || train:24 || valid:8
6b03bafee0053c15c5b21bc70a9eec69f292ad27906e23f1570a0d25f373673f,3c799b4f49e9e5f9df230698074343181790bd840ea1dcad19a4eba6a61baad4,doc,33,76,AirPort,5a83f07455429933447460be || 5a87ef2f55429938390d3eb9 || 5a88940055429938390d3f7b,test:10 || train:21 || valid:2
e61d61a54b404903e040bc83c159b47ca7fe834c3f6f6a120c07a8dbca5ba188,8c3d72750a94285118e4ab8cf17ecd34f5cb6982da1c7c39c31e9f3fbc43530f,doc,33,195,Massachusetts,5a72a9ab5542992359bc315a || 5a78b3f7554299148911f94c || 5a78f753554299078472776e,test:2 || train:23 || valid:8
de4a1b57ae3929f1855cfbdb9125c6bd6ecaeb50caa0f6c3557489f487347479,f627e48a722ae35b0295fab151fa770f206d2a34b5af13029c9c44865538465a,doc,33,91,North America,5a7220f055429971e9dc92ac || 5a72a9ab5542992359bc315a || 5a739b1955429978a71e9044,test:7 || train:25 || valid:1
ba007017c3260f3fff3e5359cc132dcbdb8149466d5dbf20fdc492a1c4b0b335,07254653a56e20e5980fe86db0ad55c8a467afcee2212049b331f5e96326bf4f,doc,32,159,Pakistan,5a74325055429979e28828b3 || 5a74994a55429974ef308c2e || 5a756b175542996c70cfaef7,test:5 || train:19 || valid:8
df24cc3bf9c675e71d3321357af02577534899625aad19b15b70dcb6da065f60,08f3686d42ac8fa9595c40773d3985bcc5f6b2f2c52555ce3c0864d19a2aceac,doc,32,60,County seat,5a7243915542990c210a4086 || 5a7616755542992d0ec06028 || 5a7634f155429976ec32bd6b,test:8 || train:19 || valid:5
9245deb2a6b1836e36426359299e00f026c8679081daedf69e45e239c46e2f46,36be583308d3530d591e8f76e457b1c99d949b837b02bffd1b29c181f328a8fe,doc,32,85,Broadway theatre,5a72b2dc5542992359bc3173 || 5a73a7c755429978a71e9068 || 5a755f0a5542996c70cfaee7,test:8 || train:17 || valid:7
03ab37c6e683ee4b7b7a9e979abad56ac7d366a1271d57b3a93bd9e7ae3f78a9,4e3fe0491bcc4bc7c1f773eb740765e8d196f08a829dbe3458499782deb93292,doc,32,33,Musical film,5a7222b155429971e9dc92c4 || 5a7350d55542994cef4bc535 || 5a7b3a2455429927d897bf5c,test:4 || train:17 || valid:11
9091a4ae29d1e0cb5b7ac4e638342a4b1c11ad35d0eee87aa5b180d72366b5b9,80728b415a0f0e1c546d436ee0f42cae81625a4efd81cca215d5e551e0bc3e59,doc,32,166,Politician,5a72df275542992359bc31b3 || 5a77bef05542992a6e59dfaf || 5a7a014a5542996c55b2dccf,test:5 || train:22 || valid:5
bfd3f9858cdd75a8392f6acfedd12787583da4ae19be25b8710335ecbd7aa88a,a1ff614caa9b0f5918d4f032b88451d8c2c23dd6a89d6696f3b197b470f4131d,doc,32,115,Philadelphia,5a7222b155429971e9dc92c4 || 5a739b1955429978a71e9044 || 5a73b2cb55429908901be31a,test:3 || train:24 || valid:5
f6fad84521c6eb2e5060d2211be2cce17a2a933dbafe564addd998e555f0ac4e,bf2faba62373678a76c6b5b611c7d8a14bbaf88863a51466653f545cb5bd9589,doc,32,62,Crime film,5a7172105542994082a3e837 || 5a79b495554299148911fa3b || 5a7a6c1a5542994f819ef1d5,test:3 || train:22 || valid:7
26e97e68b020253c6a34c90778c75e2031a151625e7024110f5a7c572b085f0f,c91be3712bb27a30151780ddaba3a3fe88520ceb54707b1f9b18acab2740959d,doc,32,78,Fantasy film,5a7350d55542994cef4bc535 || 5a749af055429979e28829b7 || 5a778a3b5542992a6e59dec7,test:4 || train:23 || valid:5
80447d8aaab789f85bfaa0a40b5eecfe599687006a1ce6d0305b2033a28ff1d3,12aa2dab7f6e4bd493182c7c1998762fc795e7c6ae00e5d8de89bd4a798e8316,doc,31,75,Board game,5a7332935542991f9a20c67d || 5a7336bd5542991f9a20c68c || 5a733caa5542992359bc32a3,test:3 || train:23 || valid:5
d186619d919997dfc582c9ab9c54793d33f7e5f61fbf4fc326c761ad4a7ee553,4d06889b5e3c220a6aabe093c42546e2388df86f68597e2cd58d59579d3dc35e,doc,31,42,Comedy-drama,5a77727555429972597f1540 || 5a7776b955429967ab10519e || 5a78f05155429970f5fffde3,test:7 || train:20 || valid:4
6d23b2fce3e72adfdee28eeb7242580028242ce258784fdb8c5529101dc9d4a4,503cc5d643344764b6146aad7f2f66b75b49579192806652b0f35288408373d0,doc,31,193,New Zealand,5a72814f5542994cef4bc2eb || 5a750de95542993748c897ac || 5a7555215542996c70cfaee1,test:3 || train:26 || valid:2
aedf8bce3eb2832c4be1022c3f3c7f3aa894937a9d0bca41321b867e74b84dc8,50e2af75e89510b2b04b523341926f16ea4a6890e1bc4534f7212611cd9eeb1c,doc,31,91,Minnesota,5a72224755429971e9dc92be || 5a7622d75542994ccc9186f1 || 5a7b66135542997c3ec97145,test:2 || train:25 || valid:4
cad213f7920f2e1193f9e102abf47641f5114e1c76f824dd03ab680df001661c,6207324afb5b41d80890059b9fe0e4172add93bd88a29a8efa6a0e04e42b3267,doc,31,147,Indie rock,5a7bb52355429927d897c01a || 5a7c2f145542996dd594b8b4 || 5a7d119d5542995ed0d165d5,test:6 || train:21 || valid:4
d33f23ab08d448061ac5be80c237a7fcf1e3551fcd7b45ef824f09dddd9ab8c7,74630ceb8004e00b63aa0f84ac93af22d5ee96da826c15bc2e3a5e030e4c3c20,doc,31,119,American Civil War,5a7108fa5542994082a3e4ef || 5a711ef85542994082a3e5ac || 5a71380c5542994082a3e68b,test:2 || train:28 || valid:1
524928ab139fa6aa468f8b403e86e1cec87bf2f8fc5bec4f2d08a848779d53b6,f412f721c9a68c8da37f82452dd9c6f725f718c83be95415c608817cf2c253cf,doc,31,110,Biographical film,5a79b495554299148911fa3b || 5a79c9cc554299148911fa53 || 5a7a098d5542996c55b2dce3,test:5 || train:24 || valid:2
40cca179ed68be8d820e31e79fa2ddbade0baf8c07909f2a60b350a8afec7be3,2cc6052f51ce898d3e1af0f7d71fdbda5f44c8d3a071f7af40d98d9efbf9b13d,doc,30,82,National Register of Historic Places,5a72d3525542991f9a20c5ab || 5a771d6155429966f1a36c6d || 5a7f84225542994857a76756,test:6 || train:17 || valid:7
b2147b6509ac0f3d11e5b869a4056065ff488d8aa393786e3fae00ce1568bd58,a1a6da3e4f1ca376389d7f1cbccf2a6588f8f84e7b68b9df19181e48abfebddc,doc,30,143,Belgium,5a75d45f5542994ccc918630 || 5a78a7025542990784727710 || 5a78cc7c55429974737f789f,test:3 || train:23 || valid:4
b7645cec293ce06d48a6c3c0b36bb4863c7cea0a647e4386c5ec6a0eabb07f31,f5247762e033ec4ac6357b47f67a194a9314cd78684b5c46ff9398685be08dbf,doc,30,76,Fantasy,5a752fb75542993748c897df || 5a7542425542996c70cfaecc || 5a7a651b5542990783324f40,test:6 || train:21 || valid:3
b78eb6f3a0623f05e1aaf5aa04cbc6bc441c09062ff38c6e87e2e9fe94f29bba,1c7a04f6309fc32a74137b0ea57bdd09dae787974467836c4632bf61ab6dbaf7,doc,29,34,Italian language,5a7768cb5542993569682d88 || 5a7f53ff5542992097ad2f17 || 5a8038b55542996402f6a485,test:8 || train:18 || valid:3
5ada750c99470e234612ce897164ec5d78afd88493523ed1a963284000828d99,37147278d0a7847a46bffaee93f57f38b711def0e38097fb026cb7764c7e4a04,doc,29,172,Virginia,5a7329a15542991f9a20c65f || 5a8192045542995ce29dcc04 || 5a84973e5542992a431d1a67,test:4 || train:20 || valid:5
f894e79c995e4c97850c3434b30affba0f098341f76a861d3a5218779ad591cd,4f0b5f939d3ed5613169e856d1c2213348efc936d6d0dd911dd3711d7787d39e,doc,29,60,Ohio,5a7698c2554299373536010d || 5a7a616355429941d65f25f7 || 5a7efd2f5542994959419a9c,test:3 || train:17 || valid:9
dd441e985d2c5fd9549192fac4c6933e36f82e4703eda83b567c222660295261,637c4474ae42d4a03de6938f9d5d48e049007fb6ecf69ddef021ad1fa2dd473c,doc,29,173,Maine,5a71148b5542994082a3e567 || 5a72a9ab5542992359bc315a || 5a77bef05542992a6e59dfaf,test:4 || train:20 || valid:5
ccc7d8bcb2e94db5dba3b7db68830737f7dc0b8ba3da72e0be10518c75efe118,a10bb20de2045bdee41832f3368436e0e46c2686c97d0f4e0f9994f10aa51177,doc,29,155,New South Wales,5a733b835542991f9a20c6b2 || 5a7571835542992db9473669 || 5a7a3edd5542990783324ed9,test:2 || train:19 || valid:8
ff1dab995d15dd39cb0fb8ff1394006cb327fde87979e7f0daf972f5f9a21f7f,08bc7277d814b82cbf42791df3fd65eaa03d30838c6332e0da081fb28b90d983,doc,28,185,Silent film,5a77a7565542995d83181249 || 5a77b6325542997042120af7 || 5a7bcd68554299294a54aaf0,test:10 || train:13 || valid:5
78eda60a69bf36c8e644ef2bf8d84a016f6637eb40679d16c2f28722f159fccc,62db3a508ebcea345fdca8d840efd6c54778f1a6edf111f5729baf6d381bd8c3,doc,28,38,Forward (association football),5a7109e95542994082a3e4fa || 5a7248665542990c210a40b1 || 5a728dc65542992359bc30ef,test:4 || train:20 || valid:4
0533f5d2b380a7b686fd1d531e1ab3a99be7f6d830f6ecf713d7c65a1f0c56d7,778e4080edabc29f14434ffadd9149efa46a526daf641de45b31338673f4ba58,doc,28,175,Asia,5a7331705542991f9a20c67a || 5a884adb5542996e4f308938 || 5a887898554299206df2b2a2,test:3 || train:20 || valid:5
8a3d044f9042d61cc14295a1899479309560cb916106f47a36b3130e1b8db7c8,852a0f0e6617997b4cbdb6cd001408b923590f7f7a909bee8387e1787389f6f1,doc,28,85,New Hampshire,5a7268235542992359bc3081 || 5a72a9ab5542992359bc315a || 5a78ed6855429970f5fffdd9,test:7 || train:17 || valid:4
8690e45d2372932f5eb5e383c29db4431e849bd1235f976c28e1fcb9f5458152,eaddae517582951378a358412b630653a4648b3ed33cc2358e10b00799bff110,doc,28,136,Greek language,5a734dad5542994cef4bc522 || 5a79fe3b5542994f819ef119 || 5a84b0705542991dd0999d86,test:2 || train:22 || valid:4
a8c572b4f99e760e3371e1f943ea2cfaa38f0a2e3eb57f34d2c53f67d2874412,001a3aada880ff829c62f176c09656d040f241349bc9069992d625623adf5342,doc,27,50,Australian rules football,5a75227955429929fddd8508 || 5a778cae55429949eeb29eeb || 5ab8338155429919ba4e2260,test:5 || train:16 || valid:6
1f6c2c43360d782d066bc88c358b32822aba66124bc1cfe18774b1cbf67ed3d7,35c68d07095695bd6cdb46db501aeeecf874cf1ff9884ee0a8454e75b9caaac6,doc,27,138,Australian Football League,5a778cae55429949eeb29eeb || 5ab8848d55429916710eb07b || 5aba75e655429955dce3ee3c,test:5 || train:14 || valid:8
bd56dfec5b132c0c0a5034bb34656861e305fed4faaa1dc17958495ded8843ec,38929ddca71b3b913b17e122f1a87e99863e61754ac84072ded18329a70f8058,doc,27,106,Poland,5a7211e655429971e9dc923c || 5a7613c15542994ccc9186bf || 5a77a14655429949eeb29f13,test:3 || train:22 || valid:2
8b1324981584f2629f3fb57180d98afb7a7cc1d15391a5a66718d3d700238774,648aefe8d8b31e00228a0e45e349bef1e6795e253cbee69f8cdcd394f1077982,doc,27,156,Unincorporated area,5a71166d5542994082a3e576 || 5a86eee85542994775f60787 || 5a8a1a975542992e4fca8505,test:5 || train:17 || valid:5
0f811e06ef0f332d5ec77dc4aa06fed2e89b04faf58d6e652b852a825c155d00,7c6b68ef8746c8e538f72a6ebfe36eb910857543518a569bf0ecff5a26e60e84,doc,27,192,Brazil,5a738d27554299623ed4abf3 || 5a7bacf35542997c3ec9724b || 5a7c43c65542990527d5547e,test:3 || train:19 || valid:5
6eb8637e82304c76cc344b64940900a2d2377a99a66ecfe7540133680864d488,b62a584cd8dab5ea762848091993a826328016c68a527390182ef3832cabf7b8,doc,27,117,Record producer,5a72bd0b5542992359bc318f || 5a7560585542992d0ec05f76 || 5a78cc7c55429974737f789f,test:5 || train:21 || valid:1
6c16466300ddafef54f5020bba8bc94d617d44bccc6ff8aae3ed186e1b503b97,c64a02665678715dfe492c680af0dd846e5d879382533486d75506324efa7464,doc,27,110,Kentucky,5a71166d5542994082a3e576 || 5a74f8235542993748c89766 || 5a7929c8554299029c4b5f11,test:3 || train:21 || valid:3
e56279f49a4e52eb2c57c3185a6304f89fafc1e98f58364d58d1a98256b95d0f,d0ca516253f92c8b4622c490998480c68836cbfe0f2af58a25febb0fe063e681,doc,27,193,Paris,5a7270395542992359bc30a8 || 5a75092b55429916b0164242 || 5a7a47be5542994f819ef1b2,test:3 || train:22 || valid:2
5abd2982cfc2729db026915769f735a8e9134676a761cb913b56f49c762c0f11,d41d9a993aa43e7f98bf553a13db86d72843852b73ddfb47151873fa19c17e69,doc,27,76,Americans,5a711bb55542994082a3e597 || 5a7757215542993569682d58 || 5a7a60f15542990783324f35,test:1 || train:21 || valid:5
ab4a8bc6c38c5b8fc3fabe38e552e100a8f33b5684ba140425bec142bfc4550f,e49d8fdea9fff337fabb68009ba7f4756c536737b9f49dfbfb5e1dfb77263a86,doc,27,143,United States Navy,5a72bb045542994cef4bc3e4 || 5a7636fb55429976ec32bd79 || 5a771d6155429966f1a36c6d,test:4 || train:18 || valid:5
b583061a95adc25020017fab40e438b39ff3b6563f0e0b3c7857766eeb855aa5,ff2e56e6cbfdf5189e446eef0a33374acc82a5b075ecceb47de737c617329431,doc,27,171,College basketball,5a724a2b5542990c210a40bc || 5a7a34bf5542994f819ef151 || 5a7c5de155429935c91b5179,test:5 || train:17 || valid:5
11d94d1eb316dfe26e164d6a1694b6dabe1ca36fc4c7d3cf82f632b23d520b3e,0663790a5ddab4215ee26fe4c77c9a6e90f30ef758ed5c9b1efcea2499df73a0,doc,26,91,Pop music,5a7f44a65542992e7d278cd7 || 5a80a587554299485f598676 || 5a82c51055429966c78a6a8d,test:7 || train:18 || valid:1
ff7956d93e10e7fe92916c349e532dc01d07c3f8934dcc91b8696de86a5edda5,14e19e6c86617780e3a4b970368852cf4093f04b7f178b964a13268998db1585,doc,26,71,Hollywood,5a727a635542994cef4bc2c9 || 5a75a0725542992d0ec05fc9 || 5a7785af55429949eeb29ec2,test:5 || train:17 || valid:4
0275ab1b1d49b71c59c9dfed5c2d0d4e0bd753453c00ca16481e2ca9c9caead8,2458c3a571181f8143fc91a04dce671bc357b1b96cb6483a8391ad4f66e8aced,doc,26,186,Music video,5a7b9f1f554299294a54aa2a || 5a8210f355429926c1cdae24 || 5a864ff7554299211dda2af2,test:6 || train:14 || valid:6
25fe3d7214987eea8743d7d20bc25e2ae005e99321d55f4c421bc1442edb601e,2e2742d86509458809527e77e80fbf5804973685792b1f67d5e8864eb2485d2c,doc,26,172,Reality television,5a70f6425542994082a3e44c || 5a7cd5b05542990527d5553d || 5a7f97c05542995d8a8ddeb0,test:1 || train:23 || valid:2
444693b9d733e1fae3eb1ac0c2fa6f04f9d06087b405403bbbb77e1a1a2baa02,665959f3716ba3d472aa54945d3eb1ecb6e280c5baa3b72c1cf3dc8a96ddf2d4,doc,26,75,Animation,5a775f615542993735360250 || 5a82360055429903bc27ba46 || 5a86f94a5542991e7718169e,test:5 || train:14 || valid:7
586025b3806d58dd87c2afa3248a276742067034d0858090ad0a98e6d7e9d88a,a2c72aa3b11adf08392d29b9e48e922ea23e26684ab3f08bcd53510d7ff2bb95,doc,26,82,Hong Kong,5a7119095542994082a3e589 || 5a7136e25542994082a3e67e || 5a78d2b955429974737f78c0,test:5 || train:18 || valid:3
1f65fa554654a0f8d8426fb8603ef51d5965decc79979f942740c83a280f3762,c8f8f10738cba4e7d8aeaa25a1fa26590e610e4ff345e66f279970a034b8801b,doc,26,107,Baseball,5a72944c5542994cef4bc351 || 5a7ec6f355429934daa2fc61 || 5a83b1e75542990548d0b220,test:3 || train:19 || valid:4
43f097e01486a1cf11b63e815db21b3f06d32ca81be56c414087e89273192fbc,10b547c0fdba6f80cbd74d0193e4922ccab6eaf29ad86f5791b2f8f9d55a3c89,doc,25,112,Novelist,5a76fda05542994aec3b71b0 || 5a77863555429949eeb29ec6 || 5a79332555429907847277e7,test:2 || train:19 || valid:4
d48ee71b5c65e0ca96b17f4bde1e68e1559943c374c0e17f5ed7128fe1d48baa,5b4250b236d9e8e926aacc30f311d3a827c38d72bf5a2becebd05a6d87ee675a,doc,25,173,Short story,5a72160e55429971e9dc9253 || 5a7aa9425542992d025e66e4 || 5a7cd8da55429909bec76845,test:7 || train:15 || valid:3
64019bcd3471000be230f2364950e258b17e59c68c4e2e40c688f174b35d2968,60e6b98f4f81973dc9bca0a987a8707dca07ea4d67d0a9d7478c17ebf4ef3862,doc,25,99,Maryland,5a74b4e555429929fddd84c2 || 5a7a47be5542994f819ef1b2 || 5a7ec6f355429934daa2fc61,test:2 || train:21 || valid:2
c02c9778dcb9834f7ad37c825b87f2bc8aa1fe6a3e485ad9d0d68fd801d230fa,61dbd0a96f591a8aac888aa49f24bb19bb3d0ca280fbe61f26a21790d207826d,doc,25,73,Ireland,5a71299e5542994082a3e5fe || 5a722fae55429971e9dc9343 || 5a7766b15542993569682d7e,test:4 || train:19 || valid:2
c1e5babab0edc7cd29af22023667a3e3ed66bc835a40be05504e8fd8866e533e,6b9517f652b8485e0d45672c5091ba70d18b36976979cd7d071f8ffc8e3f6c80,doc,25,65,Bollywood,5a7561495542992db947364e || 5a7732dc55429972597f149b || 5a8591715542994c784ddb27,test:5 || train:14 || valid:6
7e3bbee83b715d7f9d2594281fa3fc5d86fa4f0a03fd8b05d31cd53f347a9458,6ba1dfdf3cf55f50d7a6414fba3e9cfc5d44b253fb4f373d1583656e0d70ced5,doc,25,172,Romance film,5a775f615542993735360250 || 5a778a3b5542992a6e59dec7 || 5a77e9c055429949eeb29fa6,test:3 || train:20 || valid:2
0d031dca720510161f4620497a496fd48336fdf83e255cb72db8814d711670bb,f68c27ae439386bc01996e1b0432cb81faaf20bce0ae30e987322330765d01b3,doc,25,198,Illinois,5a7cc700554299452d57ba4e || 5a8078d85542995d8a8ddf78 || 5a80cf4c55429938b61421f6,test:5 || train:15 || valid:5
d459ac50142501aca687edc9b99dc39e183ee347c0e4359dfa598c60f5fd9a99,084c1c2ab958006a992a250b1517b175b5d9d0d2beb55aa24c7ab52e78462ecc,doc,24,151,Census-designated place,5a7616755542992d0ec06028 || 5a7f38e255429930675136b6 || 5a80b3a9554299485f5986cc,test:8 || train:10 || valid:6
95bb34cbf8b09d5deac53eb62b5b9da979c520f6608c9e4ce7df7b23694ec68b,323e94cec4a0b82b4d037429a675b93e9580cb2e51ab64c916e62d31901f40da,doc,24,69,Airline,5a721b9055429971e9dc9277 || 5a7f1ad155429934daa2fce2 || 5a7fc21455429969796c1b4b,test:4 || train:18 || valid:2
9accf96ab7b0115741ba2f7b294bd2763c8237518e6990dc6a1d102539659e3f,6a72bbd48d31f68c99b932086486632ce97c0aa7e4daa60d807baee499062643,doc,24,120,National Hockey League,5a7b59115542995eb53be923 || 5a824e0b554299676cceb254 || 5a84a5dc5542992a431d1a82,test:5 || train:14 || valid:5
b708855ebe53257ac31a3a1512e407cb70964472a1c6ba0411fee026cef3bcf1,855c99993602f6d8817439ab945cca733e939aa5dbd542295bdfa700e998a158,doc,24,84,Netflix,5a72f0e25542991f9a20c5cf || 5a78f18855429974737f7915 || 5a7c4e655542990527d55489,test:4 || train:16 || valid:4
3734dc7448d69b82ef054118ff66b839f1e2029a2572963c1d42ae2b272ae77d,d9748340f71d49235e205fcc0f9b730b9f984d25ae651a2eb27aa515c7bc2619,doc,24,175,Africa,5a79258a55429974737f79a8 || 5a82a1ae55429954d2e2eb89 || 5a90ab995542990a98493683,test:3 || train:18 || valid:3
5d97fa64c89a2d89c14d6d84999833a20c1607a6fccdec2329665e2b1553435f,e0b9f01049507f50bb0b153068d913c77d9aec547a72d59557f6f4a94ab5f81a,doc,24,99,Adelaide,5a75227955429929fddd8508 || 5a773c7755429972597f14b5 || 5a7eec6f55429934daa2fc7c,test:2 || train:20 || valid:2
493b1c4d0f4bc31087e6db5b3bb3ed2d96ac881ec344f7f00c46c2c1d3c4eff8,0e1027e3b0d7d61bd287eebbc00a67c51b52f2c1162a22d35820d37fef667099,doc,23,123,South Australia,5a75227955429929fddd8508 || 5a773c7755429972597f14b5 || 5a7eec6f55429934daa2fc7c,test:4 || train:16 || valid:3
31ca93da157cf7abe1452050537328acb2efa151e3e8f29c40a5788b24be23aa,123d7f0272c1303fae04b3de0be965069bb0cf3cbc905642b3fea398c78579aa,doc,23,241,Turkey,5a70f9335542994082a3e46a || 5a7324e055429901807daf8f || 5a7d2afd5542995f4f402221,test:5 || train:15 || valid:3
07a6002412f3dc78b54d9f2fd8fdf736cc101426a52e76b5ed2ab6920fc4a92e,1ec3b6e6502511556fcc67fce9d693c0869b671ef13f6a32e85b68ed211c2796,doc,23,37,Physicist,5a7145d55542994082a3e73c || 5a7622d75542994ccc9186f1 || 5a7642f7554299109176e6e8,test:2 || train:17 || valid:4
987d5bae9f472459e35fa950c17da9ab72bec3e1836e49596c2c3374ca599f33,22c7c6642887f7b957c390620bd60c2f46193a85ef79a1496893f18d000ff1d2,doc,23,192,Northern Ireland,5a7339c85542991f9a20c6a2 || 5a74f7405542996c70cfae59 || 5a7cd5b05542990527d5553d,test:3 || train:15 || valid:5
1fd1bee58715f2f54347bf29f8ceef2ce9f9885d39a1eac046b17146001d4878,335543f2a86ab725abe3c7f14c9ec33c2a7f0377e15c80facc62c5b0d7898190,doc,23,120,North Carolina,5a7243915542990c210a4086 || 5a734e6d5542994cef4bc528 || 5a83d0ed5542996488c2e4e7,test:4 || train:14 || valid:5
fc8423b15feccd6c5cb715cb5f3141d0c61dc64decea0a3da63f0f78f555ce8e,3cda451a847452597148b2e25864a11f521410e9c526983236884075ad1247ff,doc,23,167,Supreme Court of the United States,5a72a6d855429901807daf27 || 5a84be095542992a431d1a97 || 5a88658955429938390d3f47,test:2 || train:18 || valid:3
d3932fc323bc872f3979c51d8bb85bdec07807f093e6189ed27ab17375814231,461a303f7b7c86d1a43d17d740bf8e2918b3680bb544462039d7fa3f2bdefce4,doc,23,97,Discography,5a74cfed5542993748c896ea || 5a78dc4d55429970f5fffdb6 || 5a7cc50e554299452d57ba3e,test:4 || train:18 || valid:1
69ceb68043719205ce8858f97c66850d137cc51cd14779475bf26eb0afa91c98,4f2fcb2a3256e389d237df9741a4c362fbc042bf71483461217fb3d94a6bfccb,doc,23,101,Missouri,5a79a26d554299029c4b5f63 || 5a7f79155542995d8a8dde86 || 5a84af3e5542991dd0999d7c,test:5 || train:15 || valid:3
42a508bd5fd44c670dead0d7b75deabddefcbe28b206f0abd56146a9c1de9147,53805f4fe5093b1a1360aec9a98fd2db7f8d73396bff9798a31e0033124cff4a,doc,23,128,Prefecture-level city,5a84c4135542994c784dda31 || 5ab4378f5542991751b4d6f3 || 5ab596d95542992aa134a371,test:4 || train:16 || valid:3
75352930756f7f50bd927b00db1653238b7adc122a0577ebdd29b97bd814c416,56d0553c435825870086b46ad018e47846d04210fb9f87e395e9ef0f51fea2a1,doc,23,124,Musical theatre,5a8318dd55429940e5e1a95e || 5a8dae82554299068b959d99 || 5a8e32d35542995a26add480,test:2 || train:15 || valid:6
eb2b274713e042d882950d716c6a2f212b7f19b7735563bb7058b451f36183ed,629f9796468f1cefb07a9d9e3d9dcff80ff8f29fa50fb5aa76504a9ec73206e5,doc,23,59,CASINO,5a72a51355429901807daf21 || 5a7d2aa05542995f4f40221f || 5a8135eb55429938b61422fa,test:4 || train:15 || valid:4
a27a217f16cf29e4924501f6102c8c1d8f202edcb3d3f25d2e0a93b60752399e,8c903936d08ae9c26e72d928080cfefa5a66ffb83ad775bfbf55aaf9a62d24e4,doc,23,102,Romantic comedy film,5a7776b955429967ab10519e || 5a7a69365542996c55b2dd9b || 5a8656ca554299211dda2afc,test:6 || train:14 || valid:3
3305de6f2692e731ca04d1cf0930606791bfb108c2e7ddd350b528ef54fe11cb,9e5c5d897e99d9551ea1257618424da9445c25d29fb1fb7b22f3956e77595e93,doc,23,218,Irish language,5a71299e5542994082a3e5fe || 5a7339c85542991f9a20c6a2 || 5a74f7405542996c70cfae59,test:5 || train:16 || valid:2
48e9df556125b3db457b3bf734393253719ce135108250b289648591cb8538c5,b71e7279d3d5ee7bda9df651d50595c8cc158602f7c08c3f9f6c9d9a32bb88eb,doc,23,19,Playwright,5a7348555542994cef4bc503 || 5a75e29f5542992d0ec0600c || 5a76fda05542994aec3b71b0,test:2 || train:17 || valid:4
9b170ed99ad7801d52b2685c362b314214b9ead11af663a607c1aff38e1239c7,cb821d2ecbfc10f50ed4482adb3f79a14609c16e1f91cab35a54093ef9e77fdd,doc,23,132,Hangul,5a762a645542992d0ec0603d || 5a775f615542993735360250 || 5a79edfe5542990198eaf006,test:2 || train:19 || valid:2
be006c61cfbfa7b787bb6b263078dc20620bc8c51be4c475117b7a0f75435e16,cd21e9f3b71090036ce193a90395d9ef21a36701a8bde9335395e910d76a16e5,doc,23,258,Republic of Ireland,5a7b1a225542992d025e6770 || 5a81a63c5542990a1d231e45 || 5a849c1b5542997175ce1ef9,test:3 || train:17 || valid:3
556da8b5c70627baf13640fe78d160802954710ee996cca78f1e4354a47a840c,d5c658b2c7568c52070c1d2ef3030f3e75ac3644048ff48639ecc2d36bf27160,doc,23,24,Hot Country Songs,5a72334755429971e9dc934c || 5a769b115542993569682c51 || 5a7d27f05542995ed0d1660d,test:3 || train:15 || valid:5
bed3c89fce849bc85ff2fb76d0258de35434d719e9369a5790138d6e9c6f4755,3fdd4a1036b9550c7c40cafc28c98f5ecf3cea1453d981c7dc1a4984ecd9761a,doc,22,119,Mixed martial arts,5a79131a554299148911f9e3 || 5a7b413a5542992d025e67c4 || 5a7d119d5542995ed0d165d5,test:3 || train:16 || valid:3
f7bb93c030d94ae79fe96f62c6ebb8a0dd2b821532fe27724af0abe9792a02d1,4d401593b90c18ea53cf6256bdd4448a0d030cd76b295400fad0ef62a39c5375,doc,22,121,San Francisco,5a734db15542994cef4bc523 || 5a74c2bd5542996c70cfadda || 5a75e814554299109176e5c7,test:3 || train:15 || valid:4
976c7ecd7d9c8d5c6fd936f253aa04070cd7ef39a6829b725f2dd878c7105b1a,4e871042cf19f372052d40a4b50b25bb5048bda4501ff6f057b9ac81f576c52a,doc,22,93,DVD,5a7280925542991f9a20c4a1 || 5a7507455542993748c8979d || 5a77ad2f55429967ab105225,test:3 || train:16 || valid:3
a7b78e4fe41a84114769fbd2bf76c68c26e9c610dde50afb5dc5e128029e3f75,5cee305903da0334889948483b7c1cb5414de4013669e912c237de8694d62817,doc,22,36,Defender (association football),5a7133fa5542994082a3e660 || 5a75d8dc5542992db94736f0 || 5a763986554299109176e6bd,test:5 || train:13 || valid:4
1e2de00d7390c24996e27a787493b0f6964dbb5198f32054aad9fe6dfeec0f2a,6560d8beb18f74308bc47dbc9e40d0f8ae0fd82b7001ed566a112c6224bb2ca7,doc,22,219,Jazz,5a734bb65542994cef4bc50f || 5a77c15f5542997042120b1c || 5a77d31c55429967ab1052c0,test:1 || train:18 || valid:3
f27e59c119b2c2db5ffa025de3ae50d94f700982d237015afc7c2eee1092105d,6b64e91e83202b6faba3eccb72a8e533333e4ee9b97dff2eb04980e392d3fb4a,doc,22,95,Premier League,5a721dfd55429971e9dc928b || 5a728dc65542992359bc30ef || 5a75d8a3554299109176e5a6,test:2 || train:17 || valid:3
87baa620cfaa17d0140d575d3d450fd6569700f55b86f67f03910ba4409227da,7de3a9b56309bf4e92463a59e9d77fa5e9e93e952ac52f1260d29550a19de878,doc,22,60,Cartoon Network,5a7280925542991f9a20c4a1 || 5a7507455542993748c8979d || 5a7b78c35542997c3ec971a9,test:2 || train:16 || valid:4
b8c0dcd6f2b81dc45c063980ba5a0cc002394a16c54bd8f490ea267dda3671c9,7e5e18af725dfa2b2afcd5f4758f19de1595f87c17f195c96b9d4c6dcc49c7af,doc,22,124,Professional wrestling,5a73583455429901807dafcf || 5a7b47765542992d025e67d8 || 5a7c6fde55429907fabeef87,test:2 || train:18 || valid:2
c31894083ac754759576c96c134b43d98dbf333b1f4ad76e302582738115ea96,8b2d31d65ded2197319545b8d5c4bba1f613236bdf7a3b7ae8f2e3f4f8a84e42,doc,22,99,Manchester,5a78d38455429970f5fffd94 || 5a7a1f795542996c55b2dd1b || 5a7e19e655429965cec5ea58,test:3 || train:16 || valid:3
c118aa2fad9a5e1071bbaf2e6df67f957603a12d8e8be02f5ef03886fbea57ce,a659edac32c332c4560d60b2922d80f170428e9cd2e35e4e2d2bafe8711793f0,doc,22,60,Author,5a72aec45542994cef4bc3d7 || 5a77174f55429966f1a36c4c || 5a7ca74c55429907fabeefe9,test:4 || train:18
e89b00bc277418b1e2f16bce95170edf58e68bb12b6e2ce06dec654ae5f283a3,aa4c25dda4154bebdf07208fd96aed44146ed6c4486220fe48777aace7475330,doc,22,225,Character (arts),5a78f59755429970f5fffdf7 || 5a7dbf4e5542990b8f503a68 || 5a86ea445542994775f60780,test:3 || train:16 || valid:3
3c04b66564fff25c94e1a4e2a1e2aaabefd2b59f85f742fe53ae2f983a19530a,ab5f5faff1c2b8f6b6608973ba61e1f928b5cca665b12bb9f32f3631efd4e8d3,doc,22,59,Marvel Comics,5a76139b5542994ccc9186be || 5a7780e855429949eeb29e9f || 5a7cd280554299452d57ba7f,test:4 || train:14 || valid:4
fbe7cbdb15020052dc70fabc121dca08a83335f5e4ed17c1ca353ad67b4e8125,afec6f273b5b982a46a54facb3f78bad0057b4c138a3c9da38f350b7a8b36dd7,doc,22,29,Mathematician,5a717d4c5542994082a3e854 || 5a7319bc5542992359bc3235 || 5a7345ed5542992359bc32ce,test:1 || train:17 || valid:4
fa9fd791ee8168585b8a31855beca96d9726bbd0994af71a929798f9d2a52bae,cca2724fbe8fa090b4875d477615cc886b36aecb737dfe8afa52608abc68f383,doc,22,271,Georgia (U.S. state),5a732aa055429901807daf9f || 5a776fc15542997042120a3a || 5a7bacf2554299294a54aa8d,test:6 || train:14 || valid:2
b2e83f98d19c5802dbf7c9fb29ef7c9f59982eb82c1cf83913d219730e641e20,d9c37f6b3450385e9faf42175aa710aa0b169edd8d08861a3b7a6f926305fd0c,doc,22,72,Lancashire,5a773c5c55429966f1a36cbb || 5a7e19e655429965cec5ea58 || 5a84c89a5542992a431d1a9c,test:3 || train:17 || valid:2
08ae24baf2db9403c64fdc6420f2b6add9e9137d2436314bb0061c69d15906ec,da4fe683b243ab60efb58ac74a969a0105f222be7f8efcd9e09735fbbae2e259,doc,22,106,Endemism,5a77d65055429949eeb29f7b || 5a85441f5542997175ce1faa || 5a8dad37554299068b959d94,test:2 || train:14 || valid:6
77638abfb29b6b75bc9f83359db85612a3966c82eab203cb7a3b5ceb60059d98,ef03f06b06cac02ad1828ebb650d90adcfd62aadf5b7fdc89113d7031c15294a,doc,22,244,Hotel,5a7286865542991f9a20c4cb || 5a72a51355429901807daf21 || 5a7d2aa05542995f4f40221f,test:2 || train:17 || valid:3
cbcf3d3a053edc64e4cf024541555052601efb14ba70070590cfc0a40e9dd97b,fb958780bc86637815a0b9854b586c3788ca2bdf6a6423d655010f81ec637b76,doc,22,51,Poet,5a73551e5542991f29ee2d84 || 5a73630655429901807db020 || 5a775e095542994aec3b72b4,test:4 || train:15 || valid:3
fa3978804e9a6d4c04550e1b7518a2c5b279e10d165587f9f7240378d0c736cf,07db42b6d9dc64ec0ac713b39ea9c253da59574acba6f2896d72daf083ac8879,doc,21,150,Formula One,5a799dfb5542994bb9457029 || 5a84d2ea5542992a431d1aa8 || 5a8e92b55542995085b37458,test:4 || train:13 || valid:4
a33dfcda591f6c64baa94e26954c3d1e535d4217f07c4b2c6331bcf6273ca490,3ae9b3fc8f97a0685cafe46e4d1fc09047df0f5828163fb88fa3d4de8065d75b,doc,21,91,"Paradise, Nevada",5a72c6565542992359bc31a7 || 5a7735f55542994aec3b7226 || 5a7e36815542995ed0d166d4,test:4 || train:13 || valid:4
2a41d1fdd5baf8e615192fa226ef5cc844a33a4d1fa96b3bab37fb1ef267f505,4ca7ea57980c3bfb7e3da46ee899ec3c07260eb61305e4cd2169a5ae51ed1853,doc,21,180,Electronic music,5a73f2035542993a88ae2ea8 || 5a760faa5542994ccc9186a8 || 5a78f59755429970f5fffdf8,test:6 || train:13 || valid:2
14550e1b1dde11e335a3606e2f0ca57597dab3929dd72f96a85221e9cf4ff799,4e0be794f2006ff8088d3f1a6ae34c5a22f22c30730e6cfdbae4e3ad2c42f850,doc,21,64,Comedian,5a7543d555429916b01642ce || 5a77b6325542997042120af7 || 5a77edf955429967ab1052e8,test:1 || train:16 || valid:4
a60a0e4a13187cc4b2a9539963ca6f3e17ed3a04e21e6b7747840057b1d535b7,5876820ccb5960a6ebc767ea8b61723bfe1fe7bc9872c99f1c96eea0c99f1154,doc,21,98,Korean language,5a7354e35542994cef4bc55b || 5a762a645542992d0ec0603d || 5a84e1095542997175ce1f25,test:4 || train:13 || valid:4
4c64eab699ba39b5193dcc0bda2c40bf62ba62614ee80340b28579c46d79f7db,614b9eda2185a62f95e352871ed16020e7953dcacb3b25bfe994c689667062f7,doc,21,80,Television program,5a7131565542994082a3e64f || 5a77e2095542995d8318131d || 5a7c35025542996dd594b8d7,test:3 || train:14 || valid:4
182222e3bec4a066d95a5eaa029137c0dafa776de6f736ecc633bb8008a84971,68a503663f786b287ab8c69b47a5edc1b5dfe2c0abc4e9bc128acdb1b0bc0907,doc,21,63,Public university,5a7166395542994082a3e814 || 5a7b9fac554299294a54aa2f || 5a817d8c55429903bc27b974,test:4 || train:12 || valid:5
27f4e4533223f5be685c376592f895a12e4d0603343e70f146ae1c4bceb7bca7,755f318fa0ba43b06be128208e599bec0d90b5a05b30761011e1d48cb3f241ac,doc,21,98,Independent film,5a77415b55429966f1a36cd2 || 5a7c9d2e55429935c91b5261 || 5a80fd17554299260e20a1f1,test:2 || train:13 || valid:6
fd5268c9be66ef19527c80fac9a83668d5e71b594cd2e08bd0560ad4d657e905,8fa7e283b0cebbb275721b8d0bf0b9156697127001fbfd2c9aae065c4962a1a5,doc,21,84,Central business district,5a7a3a945542996a35c17147 || 5a807b44554299485f59860a || 5a80b3a9554299485f5986cc,test:4 || train:15 || valid:2
b751bae8fc2c4bf225de8ee8d33aadd8e011f391d3d8c234770278573e2092fe,954009c265fac319206d01866acfaba594e601a68483141ee795ab93a34ee972,doc,21,107,Grammy Award,5a721bbc55429971e9dc9279 || 5a733d5d5542991f29ee2d71 || 5a821b4b5542995ce29dccab,test:5 || train:13 || valid:3
c009b7171b68dc5306920f35ea2da29fe638c37114885ae5f1cd604ffabc2512,a17c0219a1943aabb0f2a2eb09d3d95c1938e4d5fca3be112265454c9caac30e,doc,21,134,Melbourne,5a79f27e5542990198eaf014 || 5a85e24a5542994775f6067f || 5a89d48c554299515336132e,test:3 || train:15 || valid:3
a69e8f0cea1b209e17961b123e6f9b285e16c0c52130cca366b7cc0dd31386aa,ab563d615d78f39485939b45857845656a053fa2aa7ac26d5c471cd625ce183a,doc,21,54,British Army,5a7766b15542993569682d7e || 5a860642554299211dda2a3e || 5a8c78a8554299585d9e36bc,test:6 || train:10 || valid:5
70a6d37427437755647c3eeff8e859aa003e69e9ef7cbb7f7104fca17b28d094,b526228ea613f3ebc9b66554103ee7bf0d59e126596a97a7cd4e0f98116694f0,doc,21,62,Guitarist,5a730a6b5542992359bc3210 || 5a78f1b555429970f5fffde9 || 5a7a2be25542996a35c17118,test:2 || train:17 || valid:2
